prod;price;img;tag;link
Placa de Vídeo RTX 4060 Ti Ventus MSI NVIDIA GeForce,  8 GB GDDR6, DLSS, Ray Tracing;3199.99;https://images.kabum.com.br/produtos/fotos/461395/placa-de-video-rtx-4060-ti-ventus-msi-nvidia-geforce-8-gb-gddr6-dlss-ray-tracing_1684770175_m.jpg;Placa de Vídeo RTX 4060 Ti Ventus MSI NVIDIA GeForce,  8 GB GDDR6, DLSS, Ray Tracing;/produto/461395/placa-de-video-rtx-4060-ti-ventus-msi-nvidia-geforce-8-gb-gddr6-dlss-ray-tracing
Placa de Vídeo RTX 4060 Ti OC Edition Asus NVIDIA GeForce, 8 GB GDDR6, DLSS, Ray Tracing - DUAL-RTX4060TI-O8G;3199.99;https://images.kabum.com.br/produtos/fotos/461387/placa-de-video-rtx-4060-ti-asus-dual-o8g-dual-rtx4060ti-o8g_1684866499_m.jpg;Placa de Vídeo RTX 4060 Ti OC Edition Asus NVIDIA GeForce, 8 GB GDDR6, DLSS, Ray Tracing - DUAL-RTX4060TI-O8G;/produto/461387/placa-de-video-rtx-4060-ti-oc-edition-asus-nvidia-geforce-8-gb-gddr6-dlss-ray-tracing-dual-rtx4060ti-o8g
Placa de Vídeo RTX 4060 Ti Gaming MSI NVIDIA GeForce, 8 GB GDDR6, DLSS, Ray Tracing;3299.99;https://images.kabum.com.br/produtos/fotos/461394/placa-de-video-rtx-4060-ti-gaming-msi-nvidia-geforce-8-gb-gddr6-dlss-ray-tracing_1684770186_m.jpg;Placa de Vídeo RTX 4060 Ti Gaming MSI NVIDIA GeForce, 8 GB GDDR6, DLSS, Ray Tracing;/produto/461394/placa-de-video-rtx-4060-ti-gaming-msi-nvidia-geforce-8-gb-gddr6-dlss-ray-tracing
Placa de Vídeo RTX 4060 Ti EX Galax NVIDIA GeForce, 8 GB GDDR6, DLSS, Ray Tracing - 46ISL8MD8AEX;3289.99;https://images.kabum.com.br/produtos/fotos/462198/placa-de-video-rtx-4060-ti-ex-galax-nvidia-geforce-8-gb-gddr6-dlss-ray-tracing-46isl8md8aex_1684873456_m.jpg;Placa de Vídeo RTX 4060 Ti EX Galax NVIDIA GeForce, 8 GB GDDR6, DLSS, Ray Tracing - 46ISL8MD8AEX;/produto/462198/placa-de-video-rtx-4060-ti-ex-galax-nvidia-geforce-8-gb-gddr6-dlss-ray-tracing-46isl8md8aex
Placa de Vídeo RTX 4060 Ti Click OC Galax NVIDIA GeForce, 8 GB GDDR6, DLSS, Ray Tracing  - 46ISL8MD8COC;3199.99;https://images.kabum.com.br/produtos/fotos/462199/placa-de-video-rtx-4060-ti-click-oc-galax-nvidia-geforce-8-gb-gddr6-dlss-ray-tracing-46isl8md8coc_1684931957_m.jpg;Placa de Vídeo RTX 4060 Ti Click OC Galax NVIDIA GeForce, 8 GB GDDR6, DLSS, Ray Tracing  - 46ISL8MD8COC;/produto/462199/placa-de-video-rtx-4060-ti-click-oc-galax-nvidia-geforce-8-gb-gddr6-dlss-ray-tracing-46isl8md8coc
Placa de Vídeo RTX 3060 Asus Dual O12G V2 NVIDIA GeForce, 12GB GDDR6, LHR, DLSS, Ray Tracing - DUAL-RTX3060-O12G-V2;2199.99;https://images.kabum.com.br/produtos/fotos/164854/placa-de-video-asus-nvidia-dual-rtx-3060-o12g-v2-15-gbps-12gb-gddr6-ray-tracing-dlss-90yv0gb2-m0na10_1623244899_m.jpg;Placa de Vídeo RTX 3060 Asus Dual O12G V2 NVIDIA GeForce, 12GB GDDR6, LHR, DLSS, Ray Tracing - DUAL-RTX3060-O12G-V2;/produto/164854/placa-de-video-rtx-3060-asus-dual-o12g-v2-nvidia-geforce-12gb-gddr6-lhr-dlss-ray-tracing-dual-rtx3060-o12g-v2
Placa de Vídeo RX 6600 CLD 8G ASRock AMD Radeon, 8GB, GDDR6  - 90-GA2RZZ-00UANF;1399.99;https://images.kabum.com.br/produtos/fotos/235984/placa-de-video-asrock-amd-radeon-rx-6600-cld-8g-8gb-90-ga2rzz-00uanf_1634738812_m.jpg;Placa de Vídeo RX 6600 CLD 8G ASRock AMD Radeon, 8GB, GDDR6  - 90-GA2RZZ-00UANF;/produto/235984/placa-de-video-rx-6600-cld-8g-asrock-amd-radeon-8gb-gddr6-90-ga2rzz-00uanf
Placa de Vídeo RX 6750 XT Mech 2X 12G OC MSI AMD, 12 GB GDDR6 - XT MECH 2X 12G OC;2499.99;https://images.kabum.com.br/produtos/fotos/417853/placa-de-video-rx-6750-xt-mech-2x-12g-oc-msi-amd-12-gb-gddr6-xt-mech-2x-12g-oc_1675857510_m.jpg;Placa de Vídeo RX 6750 XT Mech 2X 12G OC MSI AMD, 12 GB GDDR6 - XT MECH 2X 12G OC;/produto/417853/placa-de-video-rx-6750-xt-mech-2x-12g-oc-msi-amd-12-gb-gddr6-xt-mech-2x-12g-oc
Placa de Vídeo RTX 3050 XLR8 Gaming Revel Epic-X PNY GeForce, 8GB GDDR6, DLSS, Ray Tracing - VCG30508DFMPB;1699.99;https://images.kabum.com.br/produtos/fotos/367414/placa-de-video-pny-geforce-rtx-3050-xlr8-gaming-revel-epic-x-8gb-gddr6-ray-tracing-vcg30508dfmpb_1661283293_m.jpg;Placa de Vídeo RTX 3050 XLR8 Gaming Revel Epic-X PNY GeForce, 8GB GDDR6, DLSS, Ray Tracing - VCG30508DFMPB;/produto/367414/placa-de-video-rtx-3050-xlr8-gaming-revel-epic-x-pny-geforce-8gb-gddr6-dlss-ray-tracing-vcg30508dfmpb
Placa de Vídeo RTX 3060 Twin Edge OC Zotac Gaming GeForce, 12GB GDDR6, 15 Gbps, Ray Tracing - ZT-A30600H-10M;1999.99;https://images.kabum.com.br/produtos/fotos/148655/placa-de-video-zotac-gaming-geforce-rtx-3060-twin-edge-oc-15-gbps-12gb-gddr6-ray-tracing-zt-a30600h-10m_1613993479_m.jpg;Placa de Vídeo RTX 3060 Twin Edge OC Zotac Gaming GeForce, 12GB GDDR6, 15 Gbps, Ray Tracing - ZT-A30600H-10M;/produto/148655/placa-de-video-rtx-3060-twin-edge-oc-zotac-gaming-geforce-12gb-gddr6-15-gbps-ray-tracing-zt-a30600h-10m
Placa de Vídeo RTX 3060 Ti 1-Click OC Galax NVIDIA GeForce, 8GB, GDDR6, LHR, DLSS, Ray Tracing, Preto - 36ISL6MD1VQW;2429.99;https://images.kabum.com.br/produtos/fotos/191789/placa-de-video-galax-nvidia-geforce-rtx-3060-ti-1-click-oc-14-gbps-8gb-gddr6-lhr-dlss-ray-tracing-preto-36isl6md1vqw_1629400274_m.jpg;Placa de Vídeo RTX 3060 Ti 1-Click OC Galax NVIDIA GeForce, 8GB, GDDR6, LHR, DLSS, Ray Tracing, Preto - 36ISL6MD1VQW;/produto/191789/placa-de-video-rtx-3060-ti-1-click-oc-galax-nvidia-geforce-8gb-gddr6-lhr-dlss-ray-tracing-preto-36isl6md1vqw
Placa de Vídeo GTX 1650 PNY NVIDIA GeForce Single Fan, 4 GB GDDR5 - VCG16504D6SFMPB;1029.99;https://images.kabum.com.br/produtos/fotos/399026/placa-de-video-pny-nvidia-geforce-gtx-1650-single-fan-4-gb-gddr5-vcg16504d6sfmpb_1669990160_m.jpg;Placa de Vídeo GTX 1650 PNY NVIDIA GeForce Single Fan, 4 GB GDDR5 - VCG16504D6SFMPB;/produto/399026/placa-de-video-gtx-1650-pny-nvidia-geforce-single-fan-4-gb-gddr5-vcg16504d6sfmpb
Placa de Vídeo RTX 3060 Ventus 2X MSI NVIDIA GeForce,  12GB GDDR6, DLSS, Ray Tracing - RTX 3060 Ventus 2X 12G OC;2199.99;https://images.kabum.com.br/produtos/fotos/384627/placa-de-video-msi-nvidia-geforce-rtx-3060-ventus-2x-12gb-gddr6-dlss-ray-tracing-912-v397-272_1663850312_m.jpg;Placa de Vídeo RTX 3060 Ventus 2X MSI NVIDIA GeForce,  12GB GDDR6, DLSS, Ray Tracing - RTX 3060 Ventus 2X 12G OC;/produto/384627/placa-de-video-rtx-3060-ventus-2x-msi-nvidia-geforce-12gb-gddr6-dlss-ray-tracing-rtx-3060-ventus-2x-12g-oc
Placa de Video RTX 3060 TI Dual Fan PNY NVIDIA Geforce, 8 GB GDDR6, LHR, DLSS, Ray Tracing - VCG3060T8LDFBPB1;2419.99;https://images.kabum.com.br/produtos/fotos/384635/placa-de-video-pny-nvidia-geforce-rtx-3060ti-dual-fan-8gb-gddr6-lhr-dlss-ray-tracing-vcg3060t8ldfbpb1_1665672823_m.jpg;Placa de Video RTX 3060 TI Dual Fan PNY NVIDIA Geforce, 8 GB GDDR6, LHR, DLSS, Ray Tracing - VCG3060T8LDFBPB1;/produto/384635/placa-de-video-rtx-3060-ti-dual-fan-pny-nvidia-geforce-8-gb-gddr6-lhr-dlss-ray-tracing-vcg3060t8ldfbpb1
Placa de Vídeo GTX 1660 Ti O6G EVO OC Asus TUF Gaming NVIDIA Geforce, 6GB GDDR6, Preto - TUF-GTX1660TI-O6G-EVO-GAMING;1679.99;https://images.kabum.com.br/produtos/fotos/270812/placa-de-video-asus-tuf-gaming-nvidia-geforce-gtx-1660-ti-o6g-evo-oc-6gb-gddr6-preto-90yv0ct7-m0na00_1637779769_m.jpg;Placa de Vídeo GTX 1660 Ti O6G EVO OC Asus TUF Gaming NVIDIA Geforce, 6GB GDDR6, Preto - TUF-GTX1660TI-O6G-EVO-GAMING;/produto/270812/placa-de-video-gtx-1660-ti-o6g-evo-oc-asus-tuf-gaming-nvidia-geforce-6gb-gddr6-preto-tuf-gtx1660ti-o6g-evo-gaming
Placa de Vídeo RTX 3060 1-Click OC PCI-e Galax, 8 GB GDDR6, 128BIT - 36NSL8MD6OCC;1979.99;https://images.kabum.com.br/produtos/fotos/404448/placa-de-video-rtx-3060-1-click-oc-pci-e-galax-8-gb-gddr6-128bit-36nsl8md6occ_1670960050_m.jpg;Placa de Vídeo RTX 3060 1-Click OC PCI-e Galax, 8 GB GDDR6, 128BIT - 36NSL8MD6OCC;/produto/404448/placa-de-video-rtx-3060-1-click-oc-pci-e-galax-8-gb-gddr6-128bit-36nsl8md6occ
Placa de Vídeo GTX 750 Ti Duex NVIDIA GeForce, 2GB GDDR5, Full Size - DXGTX750TI2GD5;429.99;https://images.kabum.com.br/produtos/fotos/316908/placa-de-video-duex-nvidia-geforce-gtx-750-ti-2gb-gddr5-full-size-dxgtx750ti2gd5_1647964528_m.jpg;Placa de Vídeo GTX 750 Ti Duex NVIDIA GeForce, 2GB GDDR5, Full Size - DXGTX750TI2GD5;/produto/316908/placa-de-video-gtx-750-ti-duex-nvidia-geforce-2gb-gddr5-full-size-dxgtx750ti2gd5
Placa de Vídeo RTX 3060 Ti Dual OC Asus NVIDIA GeForce, 8 GB GDDR6X, DLSS, Ray Tracing - DUAL-RTX3060TI-O8GD6X;2559.99;https://images.kabum.com.br/produtos/fotos/432715/placa-de-video-rtx-3060-ti-dual-oc-asus-nvidia-geforce-8-gb-gddr6x-dlss-ray-tracing-dual-rtx3060ti-o8gd6x_1678193263_m.jpg;Placa de Vídeo RTX 3060 Ti Dual OC Asus NVIDIA GeForce, 8 GB GDDR6X, DLSS, Ray Tracing - DUAL-RTX3060TI-O8GD6X;/produto/432715/placa-de-video-rtx-3060-ti-dual-oc-asus-nvidia-geforce-8-gb-gddr6x-dlss-ray-tracing-dual-rtx3060ti-o8gd6x
Placa de Vídeo GTX 1630 EX Galax Nvidia GeForce, 4 GB GDDR6 - 63NQL4HP66EX;878.99;https://images.kabum.com.br/produtos/fotos/380802/placa-de-video-galax-nvidia-geforce-gtx-1630-ex-4gb-gddr6-63nql4hp66ex_1663353166_m.jpg;Placa de Vídeo GTX 1630 EX Galax Nvidia GeForce, 4 GB GDDR6 - 63NQL4HP66EX;/produto/380802/placa-de-video-gtx-1630-ex-galax-nvidia-geforce-4-gb-gddr6-63nql4hp66ex
Placa de Video PNY NVIDIA Geforce RTX 3060, 12 GB GDDR6, DLSS, Ray Tracing - VCG306012DFBPB1;2228.99;https://images.kabum.com.br/produtos/fotos/383616/placa-de-video-pny-nvidia-geforce-rtx3060-12-gb-gddr6-dlss-ray-tracing-vcg306012dfbpb1_1663096971_m.jpg;Placa de Video PNY NVIDIA Geforce RTX 3060, 12 GB GDDR6, DLSS, Ray Tracing - VCG306012DFBPB1;/produto/383616/placa-de-video-pny-nvidia-geforce-rtx-3060-12-gb-gddr6-dlss-ray-tracing-vcg306012dfbpb1
Placa de Vídeo GTX 1660 Super Ventus XS OC MSI NVIDIA GeForce, 6GB, GDDR6;1449.99;https://images.kabum.com.br/produtos/fotos/108351/placa-de-video-msi-nvidia-geforce-gtx-1660-super-ventus-xs-oc-6gb-gddr6_placa-de-video-msi-nvidia-geforce-gtx-1660-super-ventus-xs-oc-6gb-gddr6_1574683152_m.jpg;Placa de Vídeo GTX 1660 Super Ventus XS OC MSI NVIDIA GeForce, 6GB, GDDR6;/produto/108351/placa-de-video-gtx-1660-super-ventus-xs-oc-msi-nvidia-geforce-6gb-gddr6
Placa de Video RTX 3060 Gaming OC Gigabyte GeForce, 12 GB GDDR6, LHR, Ray Tracing - GV-N3060GAMING OC-12GD (rev 2.0);2629.99;https://images.kabum.com.br/produtos/fotos/180539/placa-de-video-gigabyte-geforce-rtx-3060-gaming-oc-12g-12-gb-gddr6-rev-2-0-ray-tracing-gv-3060gaming_1626461646_m.jpg;Placa de Video RTX 3060 Gaming OC Gigabyte GeForce, 12 GB GDDR6, LHR, Ray Tracing - GV-N3060GAMING OC-12GD (rev 2.0);/produto/180539/placa-de-video-rtx-3060-gaming-oc-gigabyte-geforce-12-gb-gddr6-lhr-ray-tracing-gv-n3060gaming-oc-12gd-rev-2-0-
Placa de Vídeo GT 610 Pcyes NVIDIA GeForce, 2 GB DDR3, 64 Bits Low Profile Single Fan - PAKGT6102GBDR3SF;209.99;https://images.kabum.com.br/produtos/fotos/396528/placa-de-video-pcyes-nvidia-geforce-gt610-2-gb-ddr3-64-bits-low-profile-single-fan-pakgt6102gbdr3sf_1667244648_m.jpg;Placa de Vídeo GT 610 Pcyes NVIDIA GeForce, 2 GB DDR3, 64 Bits Low Profile Single Fan - PAKGT6102GBDR3SF;/produto/396528/placa-de-video-gt-610-pcyes-nvidia-geforce-2-gb-ddr3-64-bits-low-profile-single-fan-pakgt6102gbdr3sf
Placa de Vídeo RTX 3060 1-Click OC Galax GeForce, 12GB GDDR6, LHR, DLSS, Ray Tracing - 36NOL7MD1VOC;2378.99;https://images.kabum.com.br/produtos/fotos/150657/placa-de-video-galax-geforce-rtx-3060-1-click-oc-15-gbps-12gb-gddr6-ray-tracing-dlss-36nol7md1voc_1614253646_m.jpg;Placa de Vídeo RTX 3060 1-Click OC Galax GeForce, 12GB GDDR6, LHR, DLSS, Ray Tracing - 36NOL7MD1VOC;/produto/150657/placa-de-video-rtx-3060-1-click-oc-galax-geforce-12gb-gddr6-lhr-dlss-ray-tracing-36nol7md1voc
Placa de Vídeo RTX 3060 Ti Twin Edge Zotac Gaming GeForce, 8 GB GDDR6X, LED, DLSS, Ray Tracing - ZT-A30620E-10P;2599.99;https://images.kabum.com.br/produtos/fotos/403365/placa-de-video-rtx-3060-ti-twin-edge-zotac-gaming-geforce-8-gb-gddr6x-led-dlss-ray-tracing-zt-a30620e-10p_1670355546_m.jpg;Placa de Vídeo RTX 3060 Ti Twin Edge Zotac Gaming GeForce, 8 GB GDDR6X, LED, DLSS, Ray Tracing - ZT-A30620E-10P;/produto/403365/placa-de-video-rtx-3060-ti-twin-edge-zotac-gaming-geforce-8-gb-gddr6x-led-dlss-ray-tracing-zt-a30620e-10p
Placa de Vídeo PowerColor Fighter AMD Radeon RX 6700 XT, 16Gbps, 12GB GDDR6, AMD RDNA 2 Architecture e FreeSync - AXRX 6700XT 12GBD6-3DH;2659.99;https://images.kabum.com.br/produtos/fotos/155889/placa-de-video-powercolor-fighter-amd-radeon-rx-6700xt-16gbps-12gb-gddr6-amd-rdna-2-architecture-e-freesync-axrx-6700xt-12gbd6-3dh_1621277632_m.jpg;Placa de Vídeo PowerColor Fighter AMD Radeon RX 6700 XT, 16Gbps, 12GB GDDR6, AMD RDNA 2 Architecture e FreeSync - AXRX 6700XT 12GBD6-3DH;/produto/155889/placa-de-video-powercolor-fighter-amd-radeon-rx-6700-xt-16gbps-12gb-gddr6-amd-rdna-2-architecture-e-freesync-axrx-6700xt-12gbd6-3dh
Placa de Vídeo RTX 3060 Twin Edge Zotac Gaming GeForce, 8 GB GDDR6, DLSS, Ray Tracing - ZT-A30630E-10M;2079.99;https://images.kabum.com.br/produtos/fotos/403364/placa-de-video-rtx-3060-twin-edge-zotac-gaming-geforce-8-gb-gddr6-dlss-ray-tracing-zt-a30630e-10m_1670354882_m.jpg;Placa de Vídeo RTX 3060 Twin Edge Zotac Gaming GeForce, 8 GB GDDR6, DLSS, Ray Tracing - ZT-A30630E-10M;/produto/403364/placa-de-video-rtx-3060-twin-edge-zotac-gaming-geforce-8-gb-gddr6-dlss-ray-tracing-zt-a30630e-10m
Placa de Vídeo RTX 3050 Gaming X 8G MSI NVIDIA Geforce, 8GB GDDR6, RGB, DLSS, Ray Tracing - Geforce RTX 3050 Gaming X 8G;2561.99;https://images.kabum.com.br/produtos/fotos/308479/placa-de-video-msi-nvidia-geforce-rtx-3050-gaming-x-8g-8gb-gddr6-rgb-dlss-ray-tracing-geforce-rtx-3050-gaming-x-8g_1644002254_m.jpg;Placa de Vídeo RTX 3050 Gaming X 8G MSI NVIDIA Geforce, 8GB GDDR6, RGB, DLSS, Ray Tracing - Geforce RTX 3050 Gaming X 8G;/produto/308479/placa-de-video-rtx-3050-gaming-x-8g-msi-nvidia-geforce-8gb-gddr6-rgb-dlss-ray-tracing-geforce-rtx-3050-gaming-x-8g
Placa de Vídeo RX 550 Radeon Graffiti Series Pcyes AMD, 4 GB GDDR5, 128 Bits, Dual Fan - PJRX5504GGR5DF;609.99;https://images.kabum.com.br/produtos/fotos/405813/placa-de-video-rx-550-radeon-graffiti-series-pcyes-amd-4-gb-gddr5-128-bits-dual-fan-pjrx5504ggr5df_1672752727_m.jpg;Placa de Vídeo RX 550 Radeon Graffiti Series Pcyes AMD, 4 GB GDDR5, 128 Bits, Dual Fan - PJRX5504GGR5DF;/produto/405813/placa-de-video-rx-550-radeon-graffiti-series-pcyes-amd-4-gb-gddr5-128-bits-dual-fan-pjrx5504ggr5df
Placa de Vídeo Galax NVIDIA GeForce GTX 1650 EX Plus (1-Click OC), 4GB, GDDR6 - 65SQL8DS93E1;1149.99;https://images.kabum.com.br/produtos/fotos/115753/placa-de-video-galax-nvidia-geforce-gtx-1650-ex-plus-1-click-oc-4gb-gddr6-65sql8ds93e1_1596552493_m.jpg;Placa de Vídeo Galax NVIDIA GeForce GTX 1650 EX Plus (1-Click OC), 4GB, GDDR6 - 65SQL8DS93E1;/produto/115753/placa-de-video-galax-nvidia-geforce-gtx-1650-ex-plus-1-click-oc-4gb-gddr6-65sql8ds93e1
Placa de Vídeo Pcyes NVIDIA GeForce G 210, 1 GB DDR3 - PVG2101GBR364LP;179.99;https://images.kabum.com.br/produtos/fotos/441114/placa-de-video-pcyes-nvidia-geforce-g-210-16-gb-ddr3-pvg2101gbr364lp_1680620886_m.jpg;Placa de Vídeo Pcyes NVIDIA GeForce G 210, 1 GB DDR3 - PVG2101GBR364LP;/produto/441114/placa-de-video-pcyes-nvidia-geforce-g-210-1-gb-ddr3-pvg2101gbr364lp
Placa de Vídeo GTX 750 Ti Duex NVIDIA GeForce, 4GB, DDR5 - DXGTX750TI4GD5;639.99;https://images.kabum.com.br/produtos/fotos/271544/placa-de-video-duex-nvidia-geforce-gtx-750-ti-4gb-ddr5-dxgtx750ti4gb_1637857285_m.jpg;Placa de Vídeo GTX 750 Ti Duex NVIDIA GeForce, 4GB, DDR5 - DXGTX750TI4GD5;/produto/271544/placa-de-video-gtx-750-ti-duex-nvidia-geforce-4gb-ddr5-dxgtx750ti4gd5
Placa de Video RTX 3070 Ti UPRISING Triple Fan PNY NVIDIA GeForce, 8 GB GDDR6X, DLSS, Ray Tracing - VCG3071T8TFMPB;4169.99;https://images.kabum.com.br/produtos/fotos/458892/placa-de-video-rtx-3070-ti-uprising-triple-fan-pny-nvidia-geforce-8-gb-gddr6x-dlss-ray-tracing-vcg3071t8tfmpb_1682694024_m.jpg;Placa de Video RTX 3070 Ti UPRISING Triple Fan PNY NVIDIA GeForce, 8 GB GDDR6X, DLSS, Ray Tracing - VCG3071T8TFMPB;/produto/458892/placa-de-video-rtx-3070-ti-uprising-triple-fan-pny-nvidia-geforce-8-gb-gddr6x-dlss-ray-tracing-vcg3071t8tfmpb
Placa de Vídeo RTX 3060 Ti 1-Click OC Plus SG Galax NVIDIA GeForce, 8 GB GDDR6X, DLSS, Ray Tracing - 36ISM6MD1GSP;2699.99;https://images.kabum.com.br/produtos/fotos/401273/placa-de-video-rtx-3060-ti-1-click-oc-plus-sg-galax-nvidia-geforce-8-gb-gddr6x-dlss-ray-tracing-36ism6md1gsp_1671715052_m.jpg;Placa de Vídeo RTX 3060 Ti 1-Click OC Plus SG Galax NVIDIA GeForce, 8 GB GDDR6X, DLSS, Ray Tracing - 36ISM6MD1GSP;/produto/401273/placa-de-video-rtx-3060-ti-1-click-oc-plus-sg-galax-nvidia-geforce-8-gb-gddr6x-dlss-ray-tracing-36ism6md1gsp
Placa de Vídeo GTX 1660 SC Ultra Gaming EVGA NVIDIA GeForce, 6GB GDDR5 - 06G-P4-1067-KR;1839.99;https://images.kabum.com.br/produtos/fotos/102130/placa-de-video-evga-nvidia-geforce-gtx-1660-sc-ultra-gaming-6gb-gddr5-06g-p4-1067-kr_placa-de-video-evga-nvidia-geforce-gtx-1660-sc-ultra-gaming-6gb-gddr5-06g-p4-1067-kr_1560799756_m.jpg;Placa de Vídeo GTX 1660 SC Ultra Gaming EVGA NVIDIA GeForce, 6GB GDDR5 - 06G-P4-1067-KR;/produto/102130/placa-de-video-gtx-1660-sc-ultra-gaming-evga-nvidia-geforce-6gb-gddr5-06g-p4-1067-kr
Placa de Vídeo RTX 3070 MSI Ventus 3X Plus NVIDIA GeForce, 8GB GDDR6, LHR, DLSS, Ray Tracing - GeForce RTX 3070 VENTUS 3X PLUS 8G OC LHR;3644.99;https://images.kabum.com.br/produtos/fotos/377636/placa-de-video-msi-nvidia-geforce-rtx-3070-ventus-3x-plus-8gb-gddr6-lhr-dlss-ray-tracing-geforce-rtx-3070-ventus-3x-plus-8g-oc-lhr-_1663095435_m.jpg;Placa de Vídeo RTX 3070 MSI Ventus 3X Plus NVIDIA GeForce, 8GB GDDR6, LHR, DLSS, Ray Tracing - GeForce RTX 3070 VENTUS 3X PLUS 8G OC LHR;/produto/377636/placa-de-video-rtx-3070-msi-ventus-3x-plus-nvidia-geforce-8gb-gddr6-lhr-dlss-ray-tracing-geforce-rtx-3070-ventus-3x-plus-8g-oc-lhr
Placa de Vídeo RX 550 Radeon Power Color AMD, 2 GB GDDR5 - AXRX 550 2GBD5-HLE;399.99;https://images.kabum.com.br/produtos/fotos/399226/placa-de-video-power-color-amd-radeon-rx-550-2gb-gddr5-axrx-550-2gbd5-hle_1673886432_m.jpg;Placa de Vídeo RX 550 Radeon Power Color AMD, 2 GB GDDR5 - AXRX 550 2GBD5-HLE;/produto/399226/placa-de-video-rx-550-radeon-power-color-amd-2-gb-gddr5-axrx-550-2gbd5-hle
Cabo Extensor PCI Express Rise Mode Riser - RM-EX-PV;117.99;https://images.kabum.com.br/produtos/fotos/132080/cabo-riser-extensor-pci-express-gamer-rise-mode-rm-ex-pv_1606164069_m.jpg;Cabo Extensor PCI Express Rise Mode Riser - RM-EX-PV;/produto/132080/cabo-extensor-pci-express-rise-mode-riser-rm-ex-pv
Placa de Vídeo RTX 3080 XLR8 Gaming Revel Epic-X PNY NVIDIA GeForce, 10 GB GDDR6X, RGB, LHR, DLSS, Ray Tracing - VCG308010LTFXPPB1;4934.11;https://images.kabum.com.br/produtos/fotos/399025/placa-de-video-pny-nvidia-geforce-rtx-3080-xlr8-gaming-revel-epic-x-10-gb-gddr6x-lhr-rgb-dlss-ray-tracing-vcg308010ltfxppb1_1669988745_m.jpg;Placa de Vídeo RTX 3080 XLR8 Gaming Revel Epic-X PNY NVIDIA GeForce, 10 GB GDDR6X, RGB, LHR, DLSS, Ray Tracing - VCG308010LTFXPPB1;/produto/399025/placa-de-video-rtx-3080-xlr8-gaming-revel-epic-x-pny-nvidia-geforce-10-gb-gddr6x-rgb-lhr-dlss-ray-tracing-vcg308010ltfxppb1
Placa de Vídeo GT 210 Galax NVIDIA GeForce, 1GB DDR3, 64 Bits - 21GGF4HI00NP;219.99;https://images.kabum.com.br/produtos/fotos/196694/placa-de-video-galax-nvidia-geforce-gt-210-1gb-ddr3-128-bits-21ggf4hi00np_1628886995_m.jpg;Placa de Vídeo GT 210 Galax NVIDIA GeForce, 1GB DDR3, 64 Bits - 21GGF4HI00NP;/produto/196694/placa-de-video-gt-210-galax-nvidia-geforce-1gb-ddr3-64-bits-21ggf4hi00np
Placa de Vídeo Pcyes NVIDIA GeForce GTX 1050 Ti, 4 GB GDDR5, 128Bits, Dual Fan, Graffiti Series - PAXGTX1050TI4GBDR5;999.99;https://images.kabum.com.br/produtos/fotos/396373/placa-de-video-pcyes-nvidia-geforce-gtx-1050-ti-4-gb-gddr5-128bits-dual-fan-graffiti-series-paxgtx1050ti4gbdr5_1666992002_m.jpg;Placa de Vídeo Pcyes NVIDIA GeForce GTX 1050 Ti, 4 GB GDDR5, 128Bits, Dual Fan, Graffiti Series - PAXGTX1050TI4GBDR5;/produto/396373/placa-de-video-pcyes-nvidia-geforce-gtx-1050-ti-4-gb-gddr5-128bits-dual-fan-graffiti-series-paxgtx1050ti4gbdr5
Placa de Vídeo RTX 3060 Verto PNY NVIDIA GeForce, 8 GB GDDR6, DLSS, Ray Tracing - VCG30608DFBPB1;1999.99;https://images.kabum.com.br/produtos/fotos/417543/placa-de-video-rtx-3060-verto-pny-nvidia-geforce-8-gb-gddr6-dlss-ray-tracing-vcg30608dfbpb1_1675699759_m.jpg;Placa de Vídeo RTX 3060 Verto PNY NVIDIA GeForce, 8 GB GDDR6, DLSS, Ray Tracing - VCG30608DFBPB1;/produto/417543/placa-de-video-rtx-3060-verto-pny-nvidia-geforce-8-gb-gddr6-dlss-ray-tracing-vcg30608dfbpb1
Placa de Vídeo RTX 3060 VISION OC 12G Gigabyte GeForce, 12GB GDDR6, RGB Fusion, Ray Tracing, Metal Back Plate - GV-N3060VISION OC-12GD;2679.99;https://images.kabum.com.br/produtos/fotos/150631/placa-de-video-aorus-geforce-rtx-3060-vision-oc-12g-1-8206-2gb-gddr6-rgb-fusion-ray-tracing-metal-back-plate-gv-n3060vision-oc-12gd_1614251729_m.jpg;Placa de Vídeo RTX 3060 VISION OC 12G Gigabyte GeForce, 12GB GDDR6, RGB Fusion, Ray Tracing, Metal Back Plate - GV-N3060VISION OC-12GD;/produto/150631/placa-de-video-rtx-3060-vision-oc-12g-gigabyte-geforce-12gb-gddr6-rgb-fusion-ray-tracing-metal-back-plate-gv-n3060vision-oc-12gd
Placa de Vídeo RTX 4090 NVIDIA Gigabyte GeForce Gaming OC, 24 GB, 	 GDDR6X,  DLSS, Ray Tracing  - GV-N4090GAMING OC-24GD;11399.99;https://images.kabum.com.br/produtos/fotos/387998/placa-de-video-nvidia-gigabyte-geforce-rtx-4090-gaming-oc-24-gb-gddr6x-dlss-ray-tracing-gv-n4090gaming-oc-24gd_1665060146_m.jpg;Placa de Vídeo RTX 4090 NVIDIA Gigabyte GeForce Gaming OC, 24 GB, 	 GDDR6X,  DLSS, Ray Tracing  - GV-N4090GAMING OC-24GD;/produto/387998/placa-de-video-rtx-4090-nvidia-gigabyte-geforce-gaming-oc-24-gb-gddr6x-dlss-ray-tracing-gv-n4090gaming-oc-24gd
Placa de Vídeo RTX 4090 Gaming Trio MSI NVIDIA GeForce, 24 GB GDDR6X, DLSS, Ray Tracing - GeForce RTX 4090 24G GAMING TRIO;11359.99;https://images.kabum.com.br/produtos/fotos/388013/placa-de-video-msi-nvidia-geforce-rtx-4090-gaming-trio-24-gb-gddr6x-dlss-ray-tracing-geforce-rtx-4090-24g-geforce-rtx-4090-gaming-trio-24g_1665586454_m.jpg;Placa de Vídeo RTX 4090 Gaming Trio MSI NVIDIA GeForce, 24 GB GDDR6X, DLSS, Ray Tracing - GeForce RTX 4090 24G GAMING TRIO;/produto/388013/placa-de-video-rtx-4090-gaming-trio-msi-nvidia-geforce-24-gb-gddr6x-dlss-ray-tracing-geforce-rtx-4090-24g-gaming-trio
Placa de Vídeo RTX 4070 Gaming X TRIO 12G MSI NVIDIA GeForce, 12 GB GDDR6X, DLSS, Ray Tracing;4958.99;https://images.kabum.com.br/produtos/fotos/447452/placa-de-video-rtx-4070-gaming-x-trio-12g-msi-nvidia-geforce-12-gb-gddr6x_1680814663_m.jpg;Placa de Vídeo RTX 4070 Gaming X TRIO 12G MSI NVIDIA GeForce, 12 GB GDDR6X, DLSS, Ray Tracing;/produto/447452/placa-de-video-rtx-4070-gaming-x-trio-12g-msi-nvidia-geforce-12-gb-gddr6x-dlss-ray-tracing
Placa de Vídeo N210 MSI NVIDIA GeForce, 1GB DDR3 - N210-MD1G/D3;189.99;https://images.kabum.com.br/produtos/fotos/357661/placa-de-video-msi-nvidia-geforce-n210-1gb-ddr3-n210-md1g-d3_1665172174_m.jpg;Placa de Vídeo N210 MSI NVIDIA GeForce, 1GB DDR3 - N210-MD1G/D3;/produto/357661/placa-de-video-n210-msi-nvidia-geforce-1gb-ddr3-n210-md1g-d3
Placa de Vídeo RX 6600 XT Challenger D 8G OC ASRock AMD Radeon, 8GB GDDR6, Arquitetura RDNA, Ray Tracing - RX6600XT CLD 8GO;2283.99;https://images.kabum.com.br/produtos/fotos/231816/placa-de-video-asrock-amd-radeon-rx-6600-xt-challenger-d-8g-oc-8gb-gddr6-arquitetura-rdna-ray-tracing-rx6600xt-cld-8go_1632403649_m.jpg;Placa de Vídeo RX 6600 XT Challenger D 8G OC ASRock AMD Radeon, 8GB GDDR6, Arquitetura RDNA, Ray Tracing - RX6600XT CLD 8GO;/produto/231816/placa-de-video-rx-6600-xt-challenger-d-8g-oc-asrock-amd-radeon-8gb-gddr6-arquitetura-rdna-ray-tracing-rx6600xt-cld-8go
Placa de Vídeo RTX 4070 Ti TUF Gaming Asus NVIDIA GeForce, 12 GB GDDR6X, ARGB,  Ray Tracing - TUF-RTX4070TI-O12G-GAMING;6549.99;https://images.kabum.com.br/produtos/fotos/403371/placa-de-video-rtx-4070-ti-tuf-gaming-asus-nvidia-geforce-12-gb-gddr6x-argb-ray-tracing-90yv0ij0-m0na00_1672841209_m.jpg;Placa de Vídeo RTX 4070 Ti TUF Gaming Asus NVIDIA GeForce, 12 GB GDDR6X, ARGB,  Ray Tracing - TUF-RTX4070TI-O12G-GAMING;/produto/403371/placa-de-video-rtx-4070-ti-tuf-gaming-asus-nvidia-geforce-12-gb-gddr6x-argb-ray-tracing-tuf-rtx4070ti-o12g-gaming
Placa de Vídeo RTX 4070 Eagle OC Gigabyte GeForce, 12 GB GDDR6X, DLSS, Ray Tracing - GV-N4070EAGLE OC-12GD;5199.99;https://images.kabum.com.br/produtos/fotos/450431/placa-de-video-rtx-4070-eagle-oc-gigabyte-geforce-9vn4070eo-00-10_1681391086_m.jpg;Placa de Vídeo RTX 4070 Eagle OC Gigabyte GeForce, 12 GB GDDR6X, DLSS, Ray Tracing - GV-N4070EAGLE OC-12GD;/produto/450431/placa-de-video-rtx-4070-eagle-oc-gigabyte-geforce-12-gb-gddr6x-dlss-ray-tracing-gv-n4070eagle-oc-12gd
Placa de Vídeo RTX 2060 KO Ultra Gaming EVGA NVIDIA GeForce, 6 GB GDDR6 - 06G-P4-2068-KR;1999.99;https://images.kabum.com.br/produtos/fotos/113182/placa-de-video-evga-nvidia-geforce-rtx-2060-ko-ultra-gaming-6gb-gddr6-06g-p4-2068-kr_1591820558_m.jpg;Placa de Vídeo RTX 2060 KO Ultra Gaming EVGA NVIDIA GeForce, 6 GB GDDR6 - 06G-P4-2068-KR;/produto/113182/placa-de-video-rtx-2060-ko-ultra-gaming-evga-nvidia-geforce-6-gb-gddr6-06g-p4-2068-kr
Placa de Vídeo RTX 4070 Asus Dual NVIDIA GeForce, 12 GB GDDR6X, DLSS, Ray Tracing - DUAL-RTX4070-12G;4599.99;https://images.kabum.com.br/produtos/fotos/450413/placa-de-video-rtx-4070-asus-dual-nvidia-geforce-12-gb-gddr6x-dlss-ray-tracing-dual-rtx4070-12g_1684171834_m.jpg;Placa de Vídeo RTX 4070 Asus Dual NVIDIA GeForce, 12 GB GDDR6X, DLSS, Ray Tracing - DUAL-RTX4070-12G;/produto/450413/placa-de-video-rtx-4070-asus-dual-nvidia-geforce-12-gb-gddr6x-dlss-ray-tracing-dual-rtx4070-12g
Placa de Vídeo GTX 1650 Asus NVIDIA GeForce, 4GB, GDDR6 - TUF-GTX1650-O4GD6-P-GAMING;1588.99;https://images.kabum.com.br/produtos/fotos/129973/placa-de-video-asus-nvidia-geforce-gtx-1650-4gb-gddr6-tuf-gtx1650-o4gd6-p-gaming_1603223334_m.jpg;Placa de Vídeo GTX 1650 Asus NVIDIA GeForce, 4GB, GDDR6 - TUF-GTX1650-O4GD6-P-GAMING;/produto/129973/placa-de-video-gtx-1650-asus-nvidia-geforce-4gb-gddr6-tuf-gtx1650-o4gd6-p-gaming
Placa de Vídeo RTX 3050 1-Click OC V2 Galax NVIDIA, 8GB GDDR6, LHR, DLSS, Ray Tracing - 35NSL8MD5YBP;1789.99;https://images.kabum.com.br/produtos/fotos/342979/placa-de-video-galax-nvidia-rtx-3050-1-click-oc-v2-8gb-gddr6-lhr-dlss-ray-tracing-35nsl8md5ybp_1654526058_m.jpg;Placa de Vídeo RTX 3050 1-Click OC V2 Galax NVIDIA, 8GB GDDR6, LHR, DLSS, Ray Tracing - 35NSL8MD5YBP;/produto/342979/placa-de-video-rtx-3050-1-click-oc-v2-galax-nvidia-8gb-gddr6-lhr-dlss-ray-tracing-35nsl8md5ybp
Placa de Vídeo GT 710 Galax NVIDIA GeForce, 1 GB DDR3 - 71GGF4DC00WG;274.99;https://images.kabum.com.br/produtos/fotos/101211/101211_1554817913_index_m.jpg;Placa de Vídeo GT 710 Galax NVIDIA GeForce, 1 GB DDR3 - 71GGF4DC00WG;/produto/101211/placa-de-video-gt-710-galax-nvidia-geforce-1-gb-ddr3-71ggf4dc00wg
Placa de Vídeo Galax, NVIDIA GeForce GTX 1650 EX, 4GB GDDR6, 1 Click OC, 192 Bits, DVI, HDMI, E Displayport - 65SQL8DS66E6;1099.9;https://images.kabum.com.br/produtos/fotos/sync_mirakl/166989/Placa-de-V-deo-Galax-NVIDIA-GeForce-GTX-1650-EX-4GB-GDDR6-1-Click-OC-192-Bits-DVI-HDMI-E-Displayport-65SQL8DS66E6_1683547156_m.jpg;Placa de Vídeo Galax, NVIDIA GeForce GTX 1650 EX, 4GB GDDR6, 1 Click OC, 192 Bits, DVI, HDMI, E Displayport - 65SQL8DS66E6;/produto/166989/placa-de-video-galax-nvidia-geforce-gtx-1650-ex-4gb-gddr6-1-click-oc-192-bits-dvi-hdmi-e-displayport-65sql8ds66e6
Placa de Vídeo RTX 4070 Ti Ventus MSI NVIDIA GeForce, 12 GB GDDR6X, DLSS 3, Ray Tracing  - GeForce RTX 4070 Ti VENTUS 3X 12G OC;6999.99;https://images.kabum.com.br/produtos/fotos/403373/placa-de-video-rtx-4070-ti-ventus-msi-geforce-geforce-rtx-4070-ti-ventus-3x-12g-oc_1672759859_m.jpg;Placa de Vídeo RTX 4070 Ti Ventus MSI NVIDIA GeForce, 12 GB GDDR6X, DLSS 3, Ray Tracing  - GeForce RTX 4070 Ti VENTUS 3X 12G OC;/produto/403373/placa-de-video-rtx-4070-ti-ventus-msi-nvidia-geforce-12-gb-gddr6x-dlss-3-ray-tracing-geforce-rtx-4070-ti-ventus-3x-12g-oc
Placa de Vídeo RTX 3060 Ti O8G Mini V2 OC Asus Dual NVIDIA GeForce, 8GB GDDR6, RGB, LHR, DLSS, Ray Tracing - DUAL-RTX3060TI-O8G-MINI-V2;3089.99;https://images.kabum.com.br/produtos/fotos/212530/placa-de-video-asus-dual-nvidia-geforce-rtx-3060-ti-o8g-mini-v2-oc-rgb-8gb-gddr6-lhr-dlss-ray-tracing-90yv0ft2-m0na00_1633963638_m.jpg;Placa de Vídeo RTX 3060 Ti O8G Mini V2 OC Asus Dual NVIDIA GeForce, 8GB GDDR6, RGB, LHR, DLSS, Ray Tracing - DUAL-RTX3060TI-O8G-MINI-V2;/produto/212530/placa-de-video-rtx-3060-ti-o8g-mini-v2-oc-asus-dual-nvidia-geforce-8gb-gddr6-rgb-lhr-dlss-ray-tracing-dual-rtx3060ti-o8g-mini-v2
Placa de Vídeo GT 1030 Gigabyte NVIDIA GeForce, 2GB GDDR5 - GV-N1030D5-2GL;554.99;https://images.kabum.com.br/produtos/fotos/89811/89811_index_m.jpg;Placa de Vídeo GT 1030 Gigabyte NVIDIA GeForce, 2GB GDDR5 - GV-N1030D5-2GL;/produto/89811/placa-de-video-gt-1030-gigabyte-nvidia-geforce-2gb-gddr5-gv-n1030d5-2gl
Placa de Vídeo RTX 3060 Ti 1-Click OC Plus Galax NVIDIA GeForce, 8 GB GDDR6X, DLSS, Ray Tracing - 36ISM6MD2KCV;2599.99;https://images.kabum.com.br/produtos/fotos/401272/placa-de-video-rtx-3060-ti-1-click-oc-plus-galax-nvidia-geforce-8-gb-gddr6x-dlss-ray-tracing-36ism6md2kcv_1671713846_m.jpg;Placa de Vídeo RTX 3060 Ti 1-Click OC Plus Galax NVIDIA GeForce, 8 GB GDDR6X, DLSS, Ray Tracing - 36ISM6MD2KCV;/produto/401272/placa-de-video-rtx-3060-ti-1-click-oc-plus-galax-nvidia-geforce-8-gb-gddr6x-dlss-ray-tracing-36ism6md2kcv
Placa de Vídeo RTX 4070 Ti Gaming Gigabyte NVIDIA GeForce, 12 GB GDDR6X, DLSS 3, Ray Tracing - GV-N407TGAMING OC-12GD;7999.99;https://images.kabum.com.br/produtos/fotos/402563/placa-de-video-rtx-4070-ti-gaming-gigabyte-nvidia-geforce-12-gb-gddr6x-dlss-3-ray-tracing-gv-n407tgaming-oc-12gd_1672920537_m.jpg;Placa de Vídeo RTX 4070 Ti Gaming Gigabyte NVIDIA GeForce, 12 GB GDDR6X, DLSS 3, Ray Tracing - GV-N407TGAMING OC-12GD;/produto/402563/placa-de-video-rtx-4070-ti-gaming-gigabyte-nvidia-geforce-12-gb-gddr6x-dlss-3-ray-tracing-gv-n407tgaming-oc-12gd
Placa de Vídeo RTX 4090 Suprim Liquid X MSI NVIDIA Geforce, 24 GB GDDR6X, DLSS, Ray Tracing - Geforce RTX 4090 SUPRIM LIQUID X 24G;12399.99;https://images.kabum.com.br/produtos/fotos/388005/placa-de-video-rtx-4090-suprim-liquid-x-msi-nvidia-geforce-24-gb-gddr6x-dlss-ray-tracing-geforce-rtx-4090-suprim-liquid-x-24g_1672931440_m.jpg;Placa de Vídeo RTX 4090 Suprim Liquid X MSI NVIDIA Geforce, 24 GB GDDR6X, DLSS, Ray Tracing - Geforce RTX 4090 SUPRIM LIQUID X 24G;/produto/388005/placa-de-video-rtx-4090-suprim-liquid-x-msi-nvidia-geforce-24-gb-gddr6x-dlss-ray-tracing-geforce-rtx-4090-suprim-liquid-x-24g
Placa de Vídeo RTX 3060 Ti Ventus 3X OC MSI NVIDIA GeForce, 8GB, LHR, DLSS, Ray Tracing;2699.99;https://images.kabum.com.br/produtos/fotos/207661/placa-de-video-msi-nvidia-geforce-rtx-3060-ti-ventus-3x-oc-8gb-lhr-dlss-ray-tracing-geforce-rtx-3060-ti-ventus-3x-8g-oc-lhr_1630433403_m.jpg;Placa de Vídeo RTX 3060 Ti Ventus 3X OC MSI NVIDIA GeForce, 8GB, LHR, DLSS, Ray Tracing;/produto/207661/placa-de-video-rtx-3060-ti-ventus-3x-oc-msi-nvidia-geforce-8gb-lhr-dlss-ray-tracing
Placa de Vídeo RTX 3050 OC Asus NVIDIA GeForce, 8GB, GDDR6, Ray Tracing - DUAL-RTX3050-O8G;1999.99;https://images.kabum.com.br/produtos/fotos/298405/placa-de-video-asus-nvidia-geforce-rtx-3050-oc-8gb-gddr6-ray-tracing-90yv0hh0-m0na00_1642090921_m.jpg;Placa de Vídeo RTX 3050 OC Asus NVIDIA GeForce, 8GB, GDDR6, Ray Tracing - DUAL-RTX3050-O8G;/produto/298405/placa-de-video-rtx-3050-oc-asus-nvidia-geforce-8gb-gddr6-ray-tracing-dual-rtx3050-o8g
Placa de Vídeo RX 6500 XT Gaming D OC ASRock Radeon Phantom, 4GB, GDDR6, 64 Bit, Dual Fan - 90-GA3DZZ-00UANF;1096.99;https://images.kabum.com.br/produtos/fotos/298017/placa-de-video-asrock-radeon-rx-6500-xt-phantom-gaming-d-oc-4gb-gddr6-64-bit-dual-fan-90-ga3dzz-00uanf_1642163142_m.jpg;Placa de Vídeo RX 6500 XT Gaming D OC ASRock Radeon Phantom, 4GB, GDDR6, 64 Bit, Dual Fan - 90-GA3DZZ-00UANF;/produto/298017/placa-de-video-rx-6500-xt-gaming-d-oc-asrock-radeon-phantom-4gb-gddr6-64-bit-dual-fan-90-ga3dzz-00uanf
Placa de Vídeo RTX 4070 VENTUS 2X MSI NVIDIA GeForce, 12 GB OC GDDR6X, DLSS 3, Ray Tracing;4838.99;https://images.kabum.com.br/produtos/fotos/447453/placa-de-video-rtx-4070-ventus-msi-nvidia-geforce-12-gb-gddr6x_1680815376_m.jpg;Placa de Vídeo RTX 4070 VENTUS 2X MSI NVIDIA GeForce, 12 GB OC GDDR6X, DLSS 3, Ray Tracing;/produto/447453/placa-de-video-rtx-4070-ventus-2x-msi-nvidia-geforce-12-gb-oc-gddr6x-dlss-3-ray-tracing
Placa de Vídeo GTX 1050 Ti Asus NVIDIA GeForce OC Cerberus, 4GB GDDR5 - CERBERUS-GTX1050TI-O4G;1329.99;https://images.kabum.com.br/produtos/fotos/95459/95459_1520954069_index_m.jpg;Placa de Vídeo GTX 1050 Ti Asus NVIDIA GeForce OC Cerberus, 4GB GDDR5 - CERBERUS-GTX1050TI-O4G;/produto/95459/placa-de-video-gtx-1050-ti-asus-nvidia-geforce-oc-cerberus-4gb-gddr5-cerberus-gtx1050ti-o4g
Placa de Vídeo RTX 3070 O8G V2 OC Asus Dual NVIDIA GeForce, 8GB GDDR6, LHR, DLSS, Ray Tracing - DUAL-RTX3070-O8G-V2;3799.99;https://images.kabum.com.br/produtos/fotos/212528/placa-de-video-asus-dual-nvidia-geforce-rtx-3070-o8g-v2-oc-8gb-gddr6-lhr-dlss-ray-tracing-90yv0fqc-m0na00_1633192026_m.jpg;Placa de Vídeo RTX 3070 O8G V2 OC Asus Dual NVIDIA GeForce, 8GB GDDR6, LHR, DLSS, Ray Tracing - DUAL-RTX3070-O8G-V2;/produto/212528/placa-de-video-rtx-3070-o8g-v2-oc-asus-dual-nvidia-geforce-8gb-gddr6-lhr-dlss-ray-tracing-dual-rtx3070-o8g-v2
Placa de Vídeo RTX 4070 Asus OC Edition NVIDIA GeForce, 12 GB GDDR6X, DLSS 3, Ray Tracing - DUAL-RTX4070-O12G;4519.99;https://images.kabum.com.br/produtos/fotos/450412/placa-de-video-rtx-4070-asus-tuf-gaming-oc-edition-nvidia-geforce-12-gb-gddr6x-argb-dlss-3-ray-tracing-tuf-rtx4070-o12g-gaming_1685105601_m.jpg;Placa de Vídeo RTX 4070 Asus OC Edition NVIDIA GeForce, 12 GB GDDR6X, DLSS 3, Ray Tracing - DUAL-RTX4070-O12G;/produto/450412/placa-de-video-rtx-4070-asus-oc-edition-nvidia-geforce-12-gb-gddr6x-dlss-3-ray-tracing-dual-rtx4070-o12g
Placa de Vídeo GT 1030 MSI NVIDIA GeForce 2GD4 LP OC 2GB, DDR4 - 912-V809-2826;499.99;https://images.kabum.com.br/produtos/fotos/98327/98327_3_1536867362_m.jpg;Placa de Vídeo GT 1030 MSI NVIDIA GeForce 2GD4 LP OC 2GB, DDR4 - 912-V809-2826;/produto/98327/placa-de-video-gt-1030-msi-nvidia-geforce-2gd4-lp-oc-2gb-ddr4-912-v809-2826
Placa de Vídeo RTX 3060 Ti 8G Mini V2 Asus Dual NVIDIA Geforce, 8GB GDDR6, RGB, LHR, DLSS, Ray Tracing - DUAL-RTX3060TI-8G-MINI-V2;3099.99;https://images.kabum.com.br/produtos/fotos/213718/placa-de-video-asus-dual-nvidia-geforce-rtx-3060-ti-8g-mini-v2-rgb-8gb-gddr6-lhr-dlss-ray-tracing-90yv0ft3-m0na00_1633723261_m.jpg;Placa de Vídeo RTX 3060 Ti 8G Mini V2 Asus Dual NVIDIA Geforce, 8GB GDDR6, RGB, LHR, DLSS, Ray Tracing - DUAL-RTX3060TI-8G-MINI-V2;/produto/213718/placa-de-video-rtx-3060-ti-8g-mini-v2-asus-dual-nvidia-geforce-8gb-gddr6-rgb-lhr-dlss-ray-tracing-dual-rtx3060ti-8g-mini-v2
Placa de Vídeo RTX 3050 EX Galax NVIDIA GeForce, RGB, 8GB GDDR6, LHR, DLSS, Ray Tracing - 35NSL8MD6YEX;2219.99;https://images.kabum.com.br/produtos/fotos/306115/placa-de-video-galax-nvidia-geforce-rtx-3050-ex-rgb-8gb-gddr6-lhr-dlss-ray-tracing-527200-0548_1643231544_m.jpg;Placa de Vídeo RTX 3050 EX Galax NVIDIA GeForce, RGB, 8GB GDDR6, LHR, DLSS, Ray Tracing - 35NSL8MD6YEX;/produto/306115/placa-de-video-rtx-3050-ex-galax-nvidia-geforce-rgb-8gb-gddr6-lhr-dlss-ray-tracing-35nsl8md6yex
Placa de Vídeo RX 6400 Gaming Sapphire Pulse AMD Radeon, 4GB GDDR6, HDMI e DisplayPort, Low Profile - 11315-01-20G;1048.99;https://images.kabum.com.br/produtos/fotos/333966/placa-de-video-sapphire-pulse-amd-radeon-rx-6400-gaming-4gb-gddr6-hdmi-e-displayport-low-profile-11315-01-20g_1650471784_m.jpg;Placa de Vídeo RX 6400 Gaming Sapphire Pulse AMD Radeon, 4GB GDDR6, HDMI e DisplayPort, Low Profile - 11315-01-20G;/produto/333966/placa-de-video-rx-6400-gaming-sapphire-pulse-amd-radeon-4gb-gddr6-hdmi-e-displayport-low-profile-11315-01-20g
Placa de Vídeo T600 PNY NVIDIA 4GB, GDDR6 - VCNT600-PB;1509.99;https://images.kabum.com.br/produtos/fotos/161433/placa-de-video-pny-nvidia-t600-4gb-gddr6-128-bits-vcnt600-pb_1630939750_m.jpg;Placa de Vídeo T600 PNY NVIDIA 4GB, GDDR6 - VCNT600-PB;/produto/161433/placa-de-video-t600-pny-nvidia-4gb-gddr6-vcnt600-pb
Placa de Vídeo RTX 4070 Ti Gaming MSI NVIDIA GeForce, 12 GB GDDR6X, DLSS 3, Ray Tracing  - GeForce RTX 4070 Ti GAMING X TRIO 12G;6499.99;https://images.kabum.com.br/produtos/fotos/403372/placa-de-video-rtx-4070-ti-msi-gaming-geforce-geforce-rtx-4070-ti-gaming-x-trio-12g_1672756034_m.jpg;Placa de Vídeo RTX 4070 Ti Gaming MSI NVIDIA GeForce, 12 GB GDDR6X, DLSS 3, Ray Tracing  - GeForce RTX 4070 Ti GAMING X TRIO 12G;/produto/403372/placa-de-video-rtx-4070-ti-gaming-msi-nvidia-geforce-12-gb-gddr6x-dlss-3-ray-tracing-geforce-rtx-4070-ti-gaming-x-trio-12g
Placa de Vídeo Quadro P400 PNY NVIDIA, 2GB, GDDR5 - VCQP400V2PB;819.99;https://images.kabum.com.br/produtos/fotos/114713/placa-de-video-pny-nvidia-quadro-p400-2gb-gddr5-vcqp400v2pb_1594155146_m.jpg;Placa de Vídeo Quadro P400 PNY NVIDIA, 2GB, GDDR5 - VCQP400V2PB;/produto/114713/placa-de-video-quadro-p400-pny-nvidia-2gb-gddr5-vcqp400v2pb
Placa de Vídeo VGA Galax NVIDIA GeForce GT 1030 2GB GDDR5 64Bits - 30NPH4HVQ4ST;552.99;https://images.kabum.com.br/produtos/fotos/91431/91431_index_m.jpg;Placa de Vídeo VGA Galax NVIDIA GeForce GT 1030 2GB GDDR5 64Bits - 30NPH4HVQ4ST;/produto/91431/placa-de-video-vga-galax-nvidia-geforce-gt-1030-2gb-gddr5-64bits-30nph4hvq4st
Placa de Vídeo Galax NVIDIA GeForce RTX 3060, 12GB GDDR6, LHR, 1-Click OC, 15GBps, Ray Tracing, DLSS - 36NOL7MD1VOC;2125.0;https://images.kabum.com.br/produtos/fotos/sync_mirakl/174762/Placa-de-V-deo-Galax-NVIDIA-GeForce-RTX-3060-12GB-GDDR6-LHR-1-Click-OC-15GBps-Ray-Tracing-DLSS-36NOL7MD1VOC_1685379523_m.jpg;Placa de Vídeo Galax NVIDIA GeForce RTX 3060, 12GB GDDR6, LHR, 1-Click OC, 15GBps, Ray Tracing, DLSS - 36NOL7MD1VOC;/produto/174762/placa-de-video-galax-nvidia-geforce-rtx-3060-12gb-gddr6-lhr-1-click-oc-15gbps-ray-tracing-dlss-36nol7md1voc
Placa de Vídeo RX 550 Sapphire AMD Radeon Pulse, 4 GB GDDR5 - 11268-01-20G;776.99;https://images.kabum.com.br/produtos/fotos/89279/89279_index_m.jpg;Placa de Vídeo RX 550 Sapphire AMD Radeon Pulse, 4 GB GDDR5 - 11268-01-20G;/produto/89279/placa-de-video-rx-550-sapphire-amd-radeon-pulse-4-gb-gddr5-11268-01-20g
Placa de Vídeo RTX 4090 SG Galax NVIDIA GeForce, 24 GB GDDR6X, ARGB, DLSS, Ray Tracing - 49NXM5MD6DSG;12968.99;https://images.kabum.com.br/produtos/fotos/387989/placa-de-video-galax-nvidia-geforce-rtx-4090-sg-24gb-gddr6x-argb-dlss-ray-tracing-49nxm5md6dsg_1665170584_m.jpg;Placa de Vídeo RTX 4090 SG Galax NVIDIA GeForce, 24 GB GDDR6X, ARGB, DLSS, Ray Tracing - 49NXM5MD6DSG;/produto/387989/placa-de-video-rtx-4090-sg-galax-nvidia-geforce-24-gb-gddr6x-argb-dlss-ray-tracing-49nxm5md6dsg
Placa de Vídeo RTX 4070 Ti Asus TUF Gaming NVIDIA GeForce, 12 GB GDDR6X, ARGB, DLSS, Ray Tracing - TUF-RTX4070TI-12G-GAMING;6479.99;https://images.kabum.com.br/produtos/fotos/419115/placa-de-video-rtx-4070-ti-asus-tuf-gaming-nvidia-geforce-12-gb-gddr6x-argb-dlss-ray-tracing-tuf-rtx4070ti-12g-gaming_1677256824_m.jpg;Placa de Vídeo RTX 4070 Ti Asus TUF Gaming NVIDIA GeForce, 12 GB GDDR6X, ARGB, DLSS, Ray Tracing - TUF-RTX4070TI-12G-GAMING;/produto/419115/placa-de-video-rtx-4070-ti-asus-tuf-gaming-nvidia-geforce-12-gb-gddr6x-argb-dlss-ray-tracing-tuf-rtx4070ti-12g-gaming
Placa de Vídeo RTX 4090 Trinity OC Gaming Zotac NVIDIA GeForce, 24GB GDDR6X, ARGB, DLSS, Ray Tracing - ZT-D40900J-10P;10719.99;https://images.kabum.com.br/produtos/fotos/388814/placa-de-video-zotac-nvidia-gaming-geforce-rtx-4090-trinity-oc-24-gb-gddr6x-argb-dlss-ray-tracing-zt-d40900j-10p_1665168974_m.jpg;Placa de Vídeo RTX 4090 Trinity OC Gaming Zotac NVIDIA GeForce, 24GB GDDR6X, ARGB, DLSS, Ray Tracing - ZT-D40900J-10P;/produto/388814/placa-de-video-rtx-4090-trinity-oc-gaming-zotac-nvidia-geforce-24gb-gddr6x-argb-dlss-ray-tracing-zt-d40900j-10p
Placa De Vídeo MSI NVIDIA GeForce Ventus XS GTX 1650, 4GB, 128 Bits - 912-v809-3060;1509.52;https://images.kabum.com.br/produtos/fotos/sync_mirakl/368651/Placa-De-V-deo-MSI-NVIDIA-GeForce-Ventus-XS-GTX-1650-4GB-128-Bits-912-v809-3060_1685039924_m.jpg;Placa De Vídeo MSI NVIDIA GeForce Ventus XS GTX 1650, 4GB, 128 Bits - 912-v809-3060;/produto/368651/placa-de-video-msi-nvidia-geforce-ventus-xs-gtx-1650-4gb-128-bits-912-v809-3060
Placa de Vídeo RTX 4080 SG 1-Click OC GALAX GeForce, 16 GB GDDR6X, ARGB,  DLSS, Ray Tracing  - 48NZM6MD6LSG;8358.99;https://images.kabum.com.br/produtos/fotos/397579/placa-de-video-galax-geforce-rtx-4080-16-gb-gddr6x-rgb-48nzm6md6lsg-_1666993530_m.jpg;Placa de Vídeo RTX 4080 SG 1-Click OC GALAX GeForce, 16 GB GDDR6X, ARGB,  DLSS, Ray Tracing  - 48NZM6MD6LSG;/produto/397579/placa-de-video-rtx-4080-sg-1-click-oc-galax-geforce-16-gb-gddr6x-argb-dlss-ray-tracing-48nzm6md6lsg
Placa de Vídeo RX 6650 XT Pulse Gaming OC Sapphire, 8GB GDDR6, Arquitetura RDNA2, Ray Tracing - 11319-03-20G;2361.99;https://images.kabum.com.br/produtos/fotos/351601/placa-de-video-sapphire-pulse-rx-6650xt-gaming-oc-8gb-gddr6-arquitetura-rdna2-ray-tracing-11319-03-20g_1657208255_m.jpg;Placa de Vídeo RX 6650 XT Pulse Gaming OC Sapphire, 8GB GDDR6, Arquitetura RDNA2, Ray Tracing - 11319-03-20G;/produto/351601/placa-de-video-rx-6650-xt-pulse-gaming-oc-sapphire-8gb-gddr6-arquitetura-rdna2-ray-tracing-11319-03-20g
Placa de Vídeo RX 7900 XTX Phantom Gaming ASRock AMD, 24 GB GDDR6, ARGB - 90-GA3YZZ-00UANF;7299.99;https://images.kabum.com.br/produtos/fotos/403270/placa-de-video-rx-7900-xtx-phantom-gaming-asrock-amd-24-gb-gddr6-argb-90-ga3yzz-00uanf_1670857554_m.jpg;Placa de Vídeo RX 7900 XTX Phantom Gaming ASRock AMD, 24 GB GDDR6, ARGB - 90-GA3YZZ-00UANF;/produto/403270/placa-de-video-rx-7900-xtx-phantom-gaming-asrock-amd-24-gb-gddr6-argb-90-ga3yzz-00uanf
Placa de Vídeo RTX 3050 OC Asus TUF Gaming NVIDIA GeForce, 8GB, ARGB, DLSS, Ray Tracing - TUF-RTX3050-O8G-GAMING;2369.99;https://images.kabum.com.br/produtos/fotos/367133/placa-de-video-asus-tuf-rtx-3050-o-8g-gaming-90yv0hm4-m0na00_1661456087_m.jpg;Placa de Vídeo RTX 3050 OC Asus TUF Gaming NVIDIA GeForce, 8GB, ARGB, DLSS, Ray Tracing - TUF-RTX3050-O8G-GAMING;/produto/367133/placa-de-video-rtx-3050-oc-asus-tuf-gaming-nvidia-geforce-8gb-argb-dlss-ray-tracing-tuf-rtx3050-o8g-gaming
Placa de Vídeo Gigabyte NVIDIA GeForce RTX 3070 Gaming OC 8G, 8gb, GDDR6 - GV-N3070GAMING OC-8GD;3999.99;https://images.kabum.com.br/produtos/fotos/130209/placa-de-video-gigabyte-nvidia-geforce-rtx-3070-gaming-oc-8g-8gb-gddr6-gv-n3070gaming-oc-8gd_1603479512_m.jpg;Placa de Vídeo Gigabyte NVIDIA GeForce RTX 3070 Gaming OC 8G, 8gb, GDDR6 - GV-N3070GAMING OC-8GD;/produto/130209/placa-de-video-gigabyte-nvidia-geforce-rtx-3070-gaming-oc-8g-8gb-gddr6-gv-n3070gaming-oc-8gd
Placa de Vídeo RTX 4070 Ti Trinity OC ZOTAC Gaming NVIDIA Geforce, 12GB GDDR6X, DLSS 3, Ray Tracing - ZT-D40710J-10P;6568.99;https://images.kabum.com.br/produtos/fotos/406053/placa-de-video-rtx-4070-ti-trinity-oc-zotac-gaming-nvidia-geforce-12gb-gddr6x-dlss-3-ray-tracing-zt-d40710j-10p_1685043787_m.jpg;Placa de Vídeo RTX 4070 Ti Trinity OC ZOTAC Gaming NVIDIA Geforce, 12GB GDDR6X, DLSS 3, Ray Tracing - ZT-D40710J-10P;/produto/406053/placa-de-video-rtx-4070-ti-trinity-oc-zotac-gaming-nvidia-geforce-12gb-gddr6x-dlss-3-ray-tracing-zt-d40710j-10p
Placa de Vídeo RTX 3060 Ti Twin Edge OC ZOTAC Gaming GeForce, 8 GB GDDR6, LHR, LED Branco,  Ray Tracing - ZT-A30610H-10MLHR;2699.99;https://images.kabum.com.br/produtos/fotos/396237/placa-de-video-zotac-gaming-geforce-rtx-3060-ti-twin-edge-oc-8-gb-gddr6-lhr-led-branco-ray-tracing-zt-a30610h-10mlhr_1666195001_m.jpg;Placa de Vídeo RTX 3060 Ti Twin Edge OC ZOTAC Gaming GeForce, 8 GB GDDR6, LHR, LED Branco,  Ray Tracing - ZT-A30610H-10MLHR;/produto/396237/placa-de-video-rtx-3060-ti-twin-edge-oc-zotac-gaming-geforce-8-gb-gddr6-lhr-led-branco-ray-tracing-zt-a30610h-10mlhr
Placa de Vídeo RTX 4080 Gaming OC Gigabyte NVIDIA GeForce, 16 GB GDDR6X, DLSS, Ray Tracing - 9VN4080GO-00-10;8384.99;https://images.kabum.com.br/produtos/fotos/397596/placa-de-video-rtx-4080-gaming-oc-gigabyte-nvidia-geforce-16-gb-gddr6x-dlss-ray-tracing-9vn4080go-00-10_1668097917_m.jpg;Placa de Vídeo RTX 4080 Gaming OC Gigabyte NVIDIA GeForce, 16 GB GDDR6X, DLSS, Ray Tracing - 9VN4080GO-00-10;/produto/397596/placa-de-video-rtx-4080-gaming-oc-gigabyte-nvidia-geforce-16-gb-gddr6x-dlss-ray-tracing-9vn4080go-00-10
Placa de Vídeo GT 730 EVGA NVIDIA GeForce, 2 GB GDDR5 - 02G-P3-3733-KR;469.99;https://images.kabum.com.br/produtos/fotos/94563/94563_1516714715_index_m.jpg;Placa de Vídeo GT 730 EVGA NVIDIA GeForce, 2 GB GDDR5 - 02G-P3-3733-KR;/produto/94563/placa-de-video-gt-730-evga-nvidia-geforce-2-gb-gddr5-02g-p3-3733-kr
Placa de Vídeo RX 550 Asus Phoenix AMD Radeon, 4GB, GDDR5 - PH-RX550-4G-EVO;799.99;https://images.kabum.com.br/produtos/fotos/129772/placa-de-video-asus-phoenix-amd-radeon-rx-550-4gb-gddr5-ph-rx550-4g-evo_1603110595_m.jpg;Placa de Vídeo RX 550 Asus Phoenix AMD Radeon, 4GB, GDDR5 - PH-RX550-4G-EVO;/produto/129772/placa-de-video-rx-550-asus-phoenix-amd-radeon-4gb-gddr5-ph-rx550-4g-evo
Placa de Vídeo RTX 4070 Dual Fan PNY NVIDIA GeForce, 12 GB GDDR6X, DLSS, Ray Tracing  - VCG407012DFXPB1;4929.99;https://images.kabum.com.br/produtos/fotos/448246/placa-de-video-rtx-4070-verto-dual-fan-pny-nvidia-geforce-12-gb-gddr6x-dlss-ray-tracing-vcg407012dfxpb1_1681301857_m.jpg;Placa de Vídeo RTX 4070 Dual Fan PNY NVIDIA GeForce, 12 GB GDDR6X, DLSS, Ray Tracing  - VCG407012DFXPB1;/produto/448246/placa-de-video-rtx-4070-dual-fan-pny-nvidia-geforce-12-gb-gddr6x-dlss-ray-tracing-vcg407012dfxpb1
Placa de Vídeo Quadro T1000 PNY NVIDIA 4GB, GDDR6 - VCNT1000-PB;2241.99;https://images.kabum.com.br/produtos/fotos/161431/placa-de-video-pny-nvidia-t1000-4gb-gddr6-128-bits-vcnt1000-pb_1630936488_m.jpg;Placa de Vídeo Quadro T1000 PNY NVIDIA 4GB, GDDR6 - VCNT1000-PB;/produto/161431/placa-de-video-quadro-t1000-pny-nvidia-4gb-gddr6-vcnt1000-pb
Placa de Vídeo RTX 4080 TUF OC Edition Asus NVIDIA GeForce, 16 GB GDDR6X, ARGB, DLSS, Ray Tracing - TUF-RTX4080-O16G-GAMING;8964.99;https://images.kabum.com.br/produtos/fotos/397058/placa-de-video-rtx-4080-tuf-edition-asus-nvidia-geforce-16-gb-gddr6x-argb-dlss-ray-tracing-90yv0ib0-m0na00_1668084867_m.jpg;Placa de Vídeo RTX 4080 TUF OC Edition Asus NVIDIA GeForce, 16 GB GDDR6X, ARGB, DLSS, Ray Tracing - TUF-RTX4080-O16G-GAMING;/produto/397058/placa-de-video-rtx-4080-tuf-oc-edition-asus-nvidia-geforce-16-gb-gddr6x-argb-dlss-ray-tracing-tuf-rtx4080-o16g-gaming
Suporte para Placa Gráfica ROG Wingwall Asus, Compatível com Aura Sync - ROG-WINGWALL-HOLDER;499.99;https://images.kabum.com.br/produtos/fotos/318120/suporte-para-placa-grafica-rog-wingwall-asus-compativel-com-aura-sync-90ye00q0-b0na00_1647965278_m.jpg;Suporte para Placa Gráfica ROG Wingwall Asus, Compatível com Aura Sync - ROG-WINGWALL-HOLDER;/produto/318120/suporte-para-placa-grafica-rog-wingwall-asus-compativel-com-aura-sync-rog-wingwall-holder
Placa de Vídeo RTX 4070 TUF Gaming  OC Edition Asus NVIDIA GeForce,  12 GB GDDR6X, ARGB, DLSS, Ray Tracing - 90YV0IZ0-M0NA00;5199.99;https://images.kabum.com.br/produtos/fotos/453847/placa-de-video-rtx-4070-tuf-gaming-oc-edition-asus-nvidia-geforce-12-gb-gddr6x-argb-dlss-ray-tracing-90yv0iz0-m0na00_1684173480_m.jpg;Placa de Vídeo RTX 4070 TUF Gaming  OC Edition Asus NVIDIA GeForce,  12 GB GDDR6X, ARGB, DLSS, Ray Tracing - 90YV0IZ0-M0NA00;/produto/453847/placa-de-video-rtx-4070-tuf-gaming-oc-edition-asus-nvidia-geforce-12-gb-gddr6x-argb-dlss-ray-tracing-90yv0iz0-m0na00
Placa de Vídeo Intel Arc A380 ASRock Challenger ITX 6GB - 90-GA3KZZ-00UANF;929.99;https://images.kabum.com.br/produtos/fotos/368457/placa-de-video-asrock-90-ga3kzz-00uanf_1659696994_m.jpg;Placa de Vídeo Intel Arc A380 ASRock Challenger ITX 6GB - 90-GA3KZZ-00UANF;/produto/368457/placa-de-video-intel-arc-a380-asrock-challenger-itx-6gb-90-ga3kzz-00uanf
Placa de Video PNY NVIDIA Geforce RTX 4080 XLR8 Gaming Verto Edition, 16 GB GDDR6X, RGB, DLSS, Ray Tracing - VCG408016TFXXPB1;9199.99;https://images.kabum.com.br/produtos/fotos/388796/placa-de-video-pny-nvidia-geforce-rtx4080-xlr8-gaming-verto-edition-16-gb-gddr6x-rgb-dlss-ray-tracing-vcg408016tfxxpb1_1665167765_m.jpg;Placa de Video PNY NVIDIA Geforce RTX 4080 XLR8 Gaming Verto Edition, 16 GB GDDR6X, RGB, DLSS, Ray Tracing - VCG408016TFXXPB1;/produto/388796/placa-de-video-pny-nvidia-geforce-rtx-4080-xlr8-gaming-verto-edition-16-gb-gddr6x-rgb-dlss-ray-tracing-vcg408016tfxxpb1
Placa de Vídeo Zotac Gaming NVIDIA GeForce GTX 1650 OC, 4GB, GDDR6 - ZT-T16520F-10L;1399.99;https://images.kabum.com.br/produtos/fotos/114370/placa-de-video-zotac-gaming-nvidia-geforce-gtx-1650-oc-4gb-gddr6-zt-t16520f-10l_1598647396_m.jpg;Placa de Vídeo Zotac Gaming NVIDIA GeForce GTX 1650 OC, 4GB, GDDR6 - ZT-T16520F-10L;/produto/114370/placa-de-video-zotac-gaming-nvidia-geforce-gtx-1650-oc-4gb-gddr6-zt-t16520f-10l
Placa de Vídeo Quadro RTX A2000 PNY NVIDIA, 12GB GDDR6, Ray Tracing - VCNRTXA200012GB-PB;4959.99;https://images.kabum.com.br/produtos/fotos/304858/placa-de-video-pny-nvidia-geforce-rtx-a2000-12gb-gddr6-ray-tracing-vcnrtxa200012gb-pb_1643036183_m.jpg;Placa de Vídeo Quadro RTX A2000 PNY NVIDIA, 12GB GDDR6, Ray Tracing - VCNRTXA200012GB-PB;/produto/304858/placa-de-video-quadro-rtx-a2000-pny-nvidia-12gb-gddr6-ray-tracing-vcnrtxa200012gb-pb
Placa De Video Colorful, Igame Rtx 3060, Ti Ultra W Oc G6x V2-v;2918.04;https://images.kabum.com.br/produtos/fotos/sync_mirakl/444661/Placa-De-Video-Colorful-Igame-Rtx-3060-Ti-Ultra-W-Oc-G6x-V2-v_1678975729_m.jpg;Placa De Video Colorful, Igame Rtx 3060, Ti Ultra W Oc G6x V2-v;/produto/444661/placa-de-video-colorful-igame-rtx-3060-ti-ultra-w-oc-g6x-v2-v
Placa De Vídeo Duex Nvidia Gt210, 512MB, DDR3 64 Bits - G210lp-512md3;159.99;https://images.kabum.com.br/produtos/fotos/sync_mirakl/453555/Placa-De-V-deo-Duex-Nvidia-Gt210-512MB-DDR3-64-Bits-G210lp-512md3_1682582319_m.jpg;Placa De Vídeo Duex Nvidia Gt210, 512MB, DDR3 64 Bits - G210lp-512md3;/produto/453555/placa-de-video-duex-nvidia-gt210-512mb-ddr3-64-bits-g210lp-512md3
Placa de Vídeo PNY NVIDIA GeForce RTX 3050 VERTO Dual Fan Edition, 8 GB GDDR6, DLSS, Ray Tracing - VCG30508DFBPB1;1999.99;https://images.kabum.com.br/produtos/fotos/392963/placa-de-video-pny-nvidia-geforce-rtx-3050-verto-dual-fan-edition-8-gb-gddr6-dlss-ray-tracing-vcg30508dfbpb1_1667575098_m.jpg;Placa de Vídeo PNY NVIDIA GeForce RTX 3050 VERTO Dual Fan Edition, 8 GB GDDR6, DLSS, Ray Tracing - VCG30508DFBPB1;/produto/392963/placa-de-video-pny-nvidia-geforce-rtx-3050-verto-dual-fan-edition-8-gb-gddr6-dlss-ray-tracing-vcg30508dfbpb1
Placa de Vídeo Power Color Red Devil AMD Radeon RX 6650 XT, 8 GB GDDR6, ARGB, Ray Tracing - AXRX 6650XT 8GBD6-3DHE/OC;2957.99;https://images.kabum.com.br/produtos/fotos/397531/placa-de-video-power-color-red-devil-amd-radeon-rx-6650-xt-8-gb-gddr6-argb-ray-tracing-axrx-6650xt-8gbd6-3dhe-oc_1668713802_m.jpg;Placa de Vídeo Power Color Red Devil AMD Radeon RX 6650 XT, 8 GB GDDR6, ARGB, Ray Tracing - AXRX 6650XT 8GBD6-3DHE/OC;/produto/397531/placa-de-video-power-color-red-devil-amd-radeon-rx-6650-xt-8-gb-gddr6-argb-ray-tracing-axrx-6650xt-8gbd6-3dhe-oc
Placa de Video PNY NVIDIA GeForce RTX 3080 Uprising, 12 GB GDDR6X, LHR, DLSS, Ray Tracing - VCG308012LTFMPB;5359.99;https://images.kabum.com.br/produtos/fotos/398445/placa-de-video-pny-nvidia-geforce-rtx-3080-uprising-12-gb-gddr6x-lhr-dlss-ray-tracing-vcg308012ltfmpb_1673356427_m.jpg;Placa de Video PNY NVIDIA GeForce RTX 3080 Uprising, 12 GB GDDR6X, LHR, DLSS, Ray Tracing - VCG308012LTFMPB;/produto/398445/placa-de-video-pny-nvidia-geforce-rtx-3080-uprising-12-gb-gddr6x-lhr-dlss-ray-tracing-vcg308012ltfmpb
Placa de Vídeo RX 7900 XT Phantom Gaming ASRock AMD, 20 GB GDDR6, ARGB - 90-GA3XZZ-00UANF;6568.99;https://images.kabum.com.br/produtos/fotos/403271/placa-de-video-rx-7900-xt-phantom-gaming-asrock-amd-20-gb-gddr6-argb-90-ga3xzz-00uanf_1670859739_m.jpg;Placa de Vídeo RX 7900 XT Phantom Gaming ASRock AMD, 20 GB GDDR6, ARGB - 90-GA3XZZ-00UANF;/produto/403271/placa-de-video-rx-7900-xt-phantom-gaming-asrock-amd-20-gb-gddr6-argb-90-ga3xzz-00uanf
Placa de Vídeo GTX 1660 Super OC Gigabyte NVIDIA Geforce, 6GB GDDR6 - GV-N166SOC-6GD;2031.99;https://images.kabum.com.br/produtos/fotos/105132/-placa-de-video-gigabyte-gtx-1660-super-oc-nvidia-geforce-6g-gddr6-gv-n166soc-6gd_-placa-de-video-gigabyte-gtx-1660-super-oc-nvidia-geforce-6g-gddr6-gv-n166soc-6gd_1572378531_m.jpg;Placa de Vídeo GTX 1660 Super OC Gigabyte NVIDIA Geforce, 6GB GDDR6 - GV-N166SOC-6GD;/produto/105132/placa-de-video-gtx-1660-super-oc-gigabyte-nvidia-geforce-6gb-gddr6-gv-n166soc-6gd
Placa de Vídeo RTX 3060 Eagle Gigabyte NVIDIA GeForce, rev. 2.0, 12G GDDR6, DLSS, Ray Tracing - GV-N3060EAGLE OC-12GD;2609.99;https://images.kabum.com.br/produtos/fotos/197136/placa-de-video-gigabyte-nvidia-geforce-rtx-3060-eeagle-rev-2-0-12g-gddr6-dlss-ray-tracing-gv-n3060eagle-oc-12gd_1630595998_m.jpg;Placa de Vídeo RTX 3060 Eagle Gigabyte NVIDIA GeForce, rev. 2.0, 12G GDDR6, DLSS, Ray Tracing - GV-N3060EAGLE OC-12GD;/produto/197136/placa-de-video-rtx-3060-eagle-gigabyte-nvidia-geforce-rev-2-0-12g-gddr6-dlss-ray-tracing-gv-n3060eagle-oc-12gd
Placa de Vídeo RTX 4070 Ti Gigabyte NVIDIA GeForce, 12 GB GDDR6X, DLSS 3, Ray Tracing - GV-N407TEAGLE OC-12GD;6899.99;https://images.kabum.com.br/produtos/fotos/402564/placa-de-video-rtx-4070-ti-gigabyte-nvidia-geforce-12-gb-gddr6x-dlss-3-ray-tracing-gv-n407teagle-oc-12gd_1672920613_m.jpg;Placa de Vídeo RTX 4070 Ti Gigabyte NVIDIA GeForce, 12 GB GDDR6X, DLSS 3, Ray Tracing - GV-N407TEAGLE OC-12GD;/produto/402564/placa-de-video-rtx-4070-ti-gigabyte-nvidia-geforce-12-gb-gddr6x-dlss-3-ray-tracing-gv-n407teagle-oc-12gd
Placa de Vídeo RTX 4080 Gaming X Trio MSI NVIDIA GeForce, 16 GB GDDR6X, DLSS, Ray Tracing - GeForce RTX 4080 16GB GAMING X TRIO;9379.99;https://images.kabum.com.br/produtos/fotos/397581/placa-de-video-rtx-4080-gaming-x-trio-msi-nvidia-geforce-16-gb-gddr6x-dlss-ray-tracing-geforce-rtx-4080-16gb-gaming-x-trio_1668088014_m.jpg;Placa de Vídeo RTX 4080 Gaming X Trio MSI NVIDIA GeForce, 16 GB GDDR6X, DLSS, Ray Tracing - GeForce RTX 4080 16GB GAMING X TRIO;/produto/397581/placa-de-video-rtx-4080-gaming-x-trio-msi-nvidia-geforce-16-gb-gddr6x-dlss-ray-tracing-geforce-rtx-4080-16gb-gaming-x-trio
Placa de Vídeo Galax NVIDIA GeForce GTX 1660 1-Click OC, 6GB, GDDR5 - 60SRH7DSY91C;1709.99;https://images.kabum.com.br/produtos/fotos/101268/101268_1554380220_index_m.jpg;Placa de Vídeo Galax NVIDIA GeForce GTX 1660 1-Click OC, 6GB, GDDR5 - 60SRH7DSY91C;/produto/101268/placa-de-video-galax-nvidia-geforce-gtx-1660-1-click-oc-6gb-gddr5-60srh7dsy91c
Placa de Vídeo RX 6700 XT Asus AMD Radeon, 12GB GDDR6, 16 Gbps - DUAL-RX6700XT-12G;3699.99;https://images.kabum.com.br/produtos/fotos/150482/placa-de-video-asus-amd-radeon-rx-6700-xt-16-gbps-12gb-gddr6-dual-rx6700xt-12g_1615402426_m.jpg;Placa de Vídeo RX 6700 XT Asus AMD Radeon, 12GB GDDR6, 16 Gbps - DUAL-RX6700XT-12G;/produto/150482/placa-de-video-rx-6700-xt-asus-amd-radeon-12gb-gddr6-16-gbps-dual-rx6700xt-12g
Placa de Vídeo Quadro T1000 PNY NVIDIA, 8GB, GDDR6, PCIe 3.0 - VCNT10008GB-PB;3399.99;https://images.kabum.com.br/produtos/fotos/301518/placa-de-video-pny-nvidia-t1000-8gb-gddr6-pcie-3-0-vcnt10008gb-pb_1642696134_m.jpg;Placa de Vídeo Quadro T1000 PNY NVIDIA, 8GB, GDDR6, PCIe 3.0 - VCNT10008GB-PB;/produto/301518/placa-de-video-quadro-t1000-pny-nvidia-8gb-gddr6-pcie-3-0-vcnt10008gb-pb
Placa de Vídeo RTX 4070 Ti AMP Extreme Airo ZOTAC Gaming NVIDIA  Geforce, 12GB GDDR6X, DLSS, Ray Tracing - ZT-D40710B-10P;7199.99;https://images.kabum.com.br/produtos/fotos/406052/placa-de-video-rtx-4070-ti-amp-extreme-airo-zotac-gaming-geforce-zt-d40710b10p_1672842271_m.jpg;Placa de Vídeo RTX 4070 Ti AMP Extreme Airo ZOTAC Gaming NVIDIA  Geforce, 12GB GDDR6X, DLSS, Ray Tracing - ZT-D40710B-10P;/produto/406052/placa-de-video-rtx-4070-ti-amp-extreme-airo-zotac-gaming-nvidia-geforce-12gb-gddr6x-dlss-ray-tracing-zt-d40710b-10p
Placa De Vídeo Colorful, Geforce Gt 730k, 4GB, GDDR3, 64 Bits, DVI, VGA E HDMI - 4gd3-v;384.9;https://images.kabum.com.br/produtos/fotos/sync_mirakl/450076/Placa-De-V-deo-Colorful-Geforce-Gt-730k-4GB-GDDR3-64-Bits-DVI-VGA-E-HDMI-4gd3-v_1684515525_m.jpg;Placa De Vídeo Colorful, Geforce Gt 730k, 4GB, GDDR3, 64 Bits, DVI, VGA E HDMI - 4gd3-v;/produto/450076/placa-de-video-colorful-geforce-gt-730k-4gb-gddr3-64-bits-dvi-vga-e-hdmi-4gd3-v
Placa de Vídeo Galax NVIDIA GeForce RTX 3060 OC, 8GB GDDR6, LHR, 1-Click, 192 Bits - 36NSL8MD6OCC;1969.99;https://images.kabum.com.br/produtos/fotos/sync_mirakl/404761/Placa-de-V-deo-Galax-NVIDIA-GeForce-RTX-3060-OC-8GB-GDDR6-LHR-1-Click-192-Bits-36NSL8MD6OCC_1685123299_m.jpg;Placa de Vídeo Galax NVIDIA GeForce RTX 3060 OC, 8GB GDDR6, LHR, 1-Click, 192 Bits - 36NSL8MD6OCC;/produto/404761/placa-de-video-galax-nvidia-geforce-rtx-3060-oc-8gb-gddr6-lhr-1-click-192-bits-36nsl8md6occ
Placa de Vídeo Galax NVIDIA GeForce RTX 3050 EX OC, 8GB GDDR6, LHR, 1-Click, 128 Bits - 35NSL8MD6YEX;1659.84;https://images.kabum.com.br/produtos/fotos/sync_mirakl/320250/Placa-de-V-deo-Galax-NVIDIA-GeForce-RTX-3050-EX-OC-8GB-GDDR6-LHR-1-Click-128-Bits-35NSL8MD6YEX_1685112499_m.jpg;Placa de Vídeo Galax NVIDIA GeForce RTX 3050 EX OC, 8GB GDDR6, LHR, 1-Click, 128 Bits - 35NSL8MD6YEX;/produto/320250/placa-de-video-galax-nvidia-geforce-rtx-3050-ex-oc-8gb-gddr6-lhr-1-click-128-bits-35nsl8md6yex
Placa de Video RTX 4090 Uprising Epic-X Gaming PNY NVIDIA GeForce, 24GB XLR8, RGB, Triple Fan DLSS 3 - VCG409024TFXMPB;12159.99;https://images.kabum.com.br/produtos/fotos/404057/placa-de-video-rtx-4090-gaming-uprising-epic-x-pny-nvidia-geforce-24gb-xlr8-rgb-triple-fan-dlss-3-vcg409024tfxmpb_1672857705_m.jpg;Placa de Video RTX 4090 Uprising Epic-X Gaming PNY NVIDIA GeForce, 24GB XLR8, RGB, Triple Fan DLSS 3 - VCG409024TFXMPB;/produto/404057/placa-de-video-rtx-4090-uprising-epic-x-gaming-pny-nvidia-geforce-24gb-xlr8-rgb-triple-fan-dlss-3-vcg409024tfxmpb
Placa de Vídeo RX 7900 XTX Sapphire AMD, 24 GB GDDR6 - 11322-02-20G;7629.99;https://images.kabum.com.br/produtos/fotos/417239/placa-de-video-rx-7900-xtx-sapphire-amd-24-gb-gddr6-11322-02-20g_1675254301_m.jpg;Placa de Vídeo RX 7900 XTX Sapphire AMD, 24 GB GDDR6 - 11322-02-20G;/produto/417239/placa-de-video-rx-7900-xtx-sapphire-amd-24-gb-gddr6-11322-02-20g
Placa de Vídeo GT 740 PCYES NVIDIA GeForce, 4GB GDDR5, 128 Bits Single Fan - PVGT7404GBR5128;494.99;https://images.kabum.com.br/produtos/fotos/453560/placa-de-video-gt-740-pcyes-nvidia-geforce-4gb-gddr5-128-bits-single-fan-pvgt7404gbr5128_1683313519_m.jpg;Placa de Vídeo GT 740 PCYES NVIDIA GeForce, 4GB GDDR5, 128 Bits Single Fan - PVGT7404GBR5128;/produto/453560/placa-de-video-gt-740-pcyes-nvidia-geforce-4gb-gddr5-128-bits-single-fan-pvgt7404gbr5128
Placa de Vídeo RX 6500 XT MECH 2X 4G OC MSI AMD Radeon, 4GB GDDR6, AMD RDNA 2 - Radeon RX 6500 XT MECH 2X 4G OC;1499.99;https://images.kabum.com.br/produtos/fotos/308481/placa-de-video-msi-amd-radeon-rx-6500-xt-mech-2x-4g-oc-4gb-gddr6-amd-rdna-2-radeon-rx-6500-xt-mech-2x-4g-oc_1644002894_m.jpg;Placa de Vídeo RX 6500 XT MECH 2X 4G OC MSI AMD Radeon, 4GB GDDR6, AMD RDNA 2 - Radeon RX 6500 XT MECH 2X 4G OC;/produto/308481/placa-de-video-rx-6500-xt-mech-2x-4g-oc-msi-amd-radeon-4gb-gddr6-amd-rdna-2-radeon-rx-6500-xt-mech-2x-4g-oc
Placa de Video Power Color Radeon AXRX 6400, 4GB GDDR6 - AXRX64004GBD6-DH;999.99;https://images.kabum.com.br/produtos/fotos/371237/placa-de-video-power-color-radeon-axrx-6400-4gb-gddr6-axrx64004gbd6-dh_1660833664_m.jpg;Placa de Video Power Color Radeon AXRX 6400, 4GB GDDR6 - AXRX64004GBD6-DH;/produto/371237/placa-de-video-power-color-radeon-axrx-6400-4gb-gddr6-axrx64004gbd6-dh
Placa de Vídeo RTX 3060 OC Edition Asus Dual GeForce, 8 GB GDDR6, DLSS, Ray Tracing - DUAL-RTX3060-O8G;2149.99;https://images.kabum.com.br/produtos/fotos/398081/placa-de-video-rtx-3060-oc-edition-asus-dual-geforce-8-gb-gddr6-dlss-ray-tracing-dual-rtx3060-o8g_1685043908_m.jpg;Placa de Vídeo RTX 3060 OC Edition Asus Dual GeForce, 8 GB GDDR6, DLSS, Ray Tracing - DUAL-RTX3060-O8G;/produto/398081/placa-de-video-rtx-3060-oc-edition-asus-dual-geforce-8-gb-gddr6-dlss-ray-tracing-dual-rtx3060-o8g
Placa de Vídeo RTX 4070 Ti XLR8 Gaming Verto Epic PNY NVIDIA GeForce, 12GB GDDR6X, RGB, DLSS 3, Ray Tracing - VCG4070T12TFXXPB1;6479.99;https://images.kabum.com.br/produtos/fotos/404054/placa-de-video-rtx-4070-ti-gaming-verto-epic-geforce-12gb-xlr8-rgb-triple-fan-dlss-3-vcg4070t12tfxxpb1_1672848018_m.jpg;Placa de Vídeo RTX 4070 Ti XLR8 Gaming Verto Epic PNY NVIDIA GeForce, 12GB GDDR6X, RGB, DLSS 3, Ray Tracing - VCG4070T12TFXXPB1;/produto/404054/placa-de-video-rtx-4070-ti-xlr8-gaming-verto-epic-pny-nvidia-geforce-12gb-gddr6x-rgb-dlss-3-ray-tracing-vcg4070t12tfxxpb1
Placa de Vídeo MSI GeForce RTX 3060 GAMING X 12G, 15 Gbps, 12GB GDDR6, Ray Tracing;2689.99;https://images.kabum.com.br/produtos/fotos/153453/placa-de-video-msi-geforce-rtx-3060-gaming-x-12g-15-gbps-12gb-gddr6-ray-tracing_1616504186_m.jpg;Placa de Vídeo MSI GeForce RTX 3060 GAMING X 12G, 15 Gbps, 12GB GDDR6, Ray Tracing;/produto/153453/placa-de-video-msi-geforce-rtx-3060-gaming-x-12g-15-gbps-12gb-gddr6-ray-tracing
Placa de Vídeo MSI Nvidia Rtx 4070 Ti, 12GB RAM, Gráficos com Inteligência Artificial - 912-v513001;6599.9;https://images.kabum.com.br/produtos/fotos/sync_mirakl/418040/Placa-de-V-deo-MSI-Nvidia-Rtx-4070-Ti-12GB-RAM-Gr-ficos-com-Intelig-ncia-Artificial-912-v513001_1685314094_m.jpg;Placa de Vídeo MSI Nvidia Rtx 4070 Ti, 12GB RAM, Gráficos com Inteligência Artificial - 912-v513001;/produto/418040/placa-de-video-msi-nvidia-rtx-4070-ti-12gb-ram-graficos-com-inteligencia-artificial-912-v513001
Placa de Vídeo RX 6600 XFX Core Gaming Speedster SWFT 210 AMD Radeon Graphics Card, 8GB GDDR6, AMD RDNA 2 - RX-66XL8LFDQ;2579.99;https://images.kabum.com.br/produtos/fotos/261040/placa-de-video-xfx-speedster-swft-210-amd-radeon-rx-6600-core-gaming-graphics-card-8gb-gddr6-amd-rdna-2-rx-66xl8lfdq_1637668357_m.jpg;Placa de Vídeo RX 6600 XFX Core Gaming Speedster SWFT 210 AMD Radeon Graphics Card, 8GB GDDR6, AMD RDNA 2 - RX-66XL8LFDQ;/produto/261040/placa-de-video-rx-6600-xfx-core-gaming-speedster-swft-210-amd-radeon-graphics-card-8gb-gddr6-amd-rdna-2-rx-66xl8lfdq
Placa de Vídeo RTX 4080 Trinity OC ZOTAC GeForce, 16 GB GDDR6X, DLSS, Ray Tracing - ZT-D40810J-10P;7999.99;https://images.kabum.com.br/produtos/fotos/397585/placa-de-video-rtx-4080-trinity-oc-zotac-geforce-16-gb-gddr6x-dlss-ray-tracing-zt-d40810j-10p_1668092300_m.jpg;Placa de Vídeo RTX 4080 Trinity OC ZOTAC GeForce, 16 GB GDDR6X, DLSS, Ray Tracing - ZT-D40810J-10P;/produto/397585/placa-de-video-rtx-4080-trinity-oc-zotac-geforce-16-gb-gddr6x-dlss-ray-tracing-zt-d40810j-10p
Placa de Vídeo RTX 4080 Eagle OC Gigabyte NVIDIA GeForce, 16 GB GDDR6X, DLSS, Ray Tracing - GV-N4080EAGLE OC-16GD;8999.99;https://images.kabum.com.br/produtos/fotos/397598/placa-de-video-rtx-4080-16gb-eagle-oc-gigabyte-nvidia-geforce-16-gb-gddr6x-dlss-ray-tracing-9vn4080eo-00-10_1668104629_m.jpg;Placa de Vídeo RTX 4080 Eagle OC Gigabyte NVIDIA GeForce, 16 GB GDDR6X, DLSS, Ray Tracing - GV-N4080EAGLE OC-16GD;/produto/397598/placa-de-video-rtx-4080-eagle-oc-gigabyte-nvidia-geforce-16-gb-gddr6x-dlss-ray-tracing-gv-n4080eagle-oc-16gd
Placa de Vídeo RX 7900 XTX Vapor-X Sapphire, Nitro + AMD, 24 GB GDDR6 - 11322-01-40G;8799.99;https://images.kabum.com.br/produtos/fotos/417240/placa-de-video-rx-7900-xtx-vapor-x-sapphire-nitro-amd-24-gb-gddr6-11322-01-40g_1675256017_m.jpg;Placa de Vídeo RX 7900 XTX Vapor-X Sapphire, Nitro + AMD, 24 GB GDDR6 - 11322-01-40G;/produto/417240/placa-de-video-rx-7900-xtx-vapor-x-sapphire-nitro-amd-24-gb-gddr6-11322-01-40g
Placa de Vídeo RX 6650 XT XFX Speedster MERC308 AMD Radeon Black Gaming, 8GB GDDR6, Ray Tracing, RDNA2 - RX-665X8TBDY MERC308 BLACK;2699.99;https://images.kabum.com.br/produtos/fotos/353520/placa-de-video-xfx-speedster-merc308-amd-radeon-rx-6650xt-black-gaming-8gb-gddr6-ray-tracing-rdna2-rx-665x8tbdy-merc308-black_1658766377_m.jpg;Placa de Vídeo RX 6650 XT XFX Speedster MERC308 AMD Radeon Black Gaming, 8GB GDDR6, Ray Tracing, RDNA2 - RX-665X8TBDY MERC308 BLACK;/produto/353520/placa-de-video-rx-6650-xt-xfx-speedster-merc308-amd-radeon-black-gaming-8gb-gddr6-ray-tracing-rdna2-rx-665x8tbdy-merc308-black
Placa de Vídeo RTX 3090 Trinity Zotac NVIDIA GeForce, 24GB GDDR6X - ZT-A30900D-10P;16999.99;https://images.kabum.com.br/produtos/fotos/128562/placa-de-video-zotac-nvidia-geforce-rtx-3090-trinity-24gb-gddr6x-zt-a30900d-10p_1600975514_m.jpg;Placa de Vídeo RTX 3090 Trinity Zotac NVIDIA GeForce, 24GB GDDR6X - ZT-A30900D-10P;/produto/128562/placa-de-video-rtx-3090-trinity-zotac-nvidia-geforce-24gb-gddr6x-zt-a30900d-10p
Suporte P/ Placa De Video, Em Gabinete, Deepcool, GH-01 A-RGB;152.66;https://images.kabum.com.br/produtos/fotos/sync_mirakl/201007/Suporte-P-Placa-De-Video-Em-Gabinete-Deepcool-GH-01-A-RGB_1684178298_m.jpg;Suporte P/ Placa De Video, Em Gabinete, Deepcool, GH-01 A-RGB;/produto/201007/suporte-p-placa-de-video-em-gabinete-deepcool-gh-01-a-rgb
Placa De Vídeo Nvidia Gpu GT 210, 512MB, DDR3, 64bits, PCIe;141.61;https://images.kabum.com.br/produtos/fotos/sync_mirakl/461703/Placa-De-V-deo-Nvidia-Gpu-GT-210-512MB-DDR3-64bits-PCIe_1684178949_m.jpg;Placa De Vídeo Nvidia Gpu GT 210, 512MB, DDR3, 64bits, PCIe;/produto/461703/placa-de-video-nvidia-gpu-gt-210-512mb-ddr3-64bits-pcie
Placa de Vídeo Afox AMD Radeon R5 220, 2GB SDDR3 - AFR5220-2048D3L5-V2;233.1;https://images.kabum.com.br/produtos/fotos/sync_mirakl/295652/Placa-de-V-deo-Afox-AMD-Radeon-R5-220-2GB-SDDR3-AFR5220-2048D3L5-V2_1683547159_m.jpg;Placa de Vídeo Afox AMD Radeon R5 220, 2GB SDDR3 - AFR5220-2048D3L5-V2;/produto/295652/placa-de-video-afox-amd-radeon-r5-220-2gb-sddr3-afr5220-2048d3l5-v2
Placa de Vídeo RTX 4080 Edition Asus ROG Strix NVIDIA GeForce,16 GB GDDR6X, ARGB, DLSS, Ray Tracing - ROG-STRIX-RTX4080-O16G-GAMING;10489.99;https://images.kabum.com.br/produtos/fotos/396781/placa-de-video-rtx-4080-edition-asus-rog-strix-nvidia-geforce-16-gb-gddr6x-argb-dlss-ray-tracing-90yv0ic0-m0na00_1668078395_m.jpg;Placa de Vídeo RTX 4080 Edition Asus ROG Strix NVIDIA GeForce,16 GB GDDR6X, ARGB, DLSS, Ray Tracing - ROG-STRIX-RTX4080-O16G-GAMING;/produto/396781/placa-de-video-rtx-4080-edition-asus-rog-strix-nvidia-geforce-16-gb-gddr6x-argb-dlss-ray-tracing-rog-strix-rtx4080-o16g-gaming
Placa de Vídeo Asus NVIDIA GeForce GTX 1050 TI Dual OC CERBERUS, 4GB GDDR5, 128 Bits - CERBERUS-GTX1050TI-O4G;1349.1;https://images.kabum.com.br/produtos/fotos/sync_mirakl/117389/Placa-de-V-deo-Asus-NVIDIA-GeForce-GTX-1050-TI-Dual-OC-CERBERUS-4GB-GDDR5-128-Bits-CERBERUS-GTX1050TI-O4G_1683547158_m.jpg;Placa de Vídeo Asus NVIDIA GeForce GTX 1050 TI Dual OC CERBERUS, 4GB GDDR5, 128 Bits - CERBERUS-GTX1050TI-O4G;/produto/117389/placa-de-video-asus-nvidia-geforce-gtx-1050-ti-dual-oc-cerberus-4gb-gddr5-128-bits-cerberus-gtx1050ti-o4g
Placa de Vídeo Quadro RTX A4500 PNY NVIDIA, 20GB GDDR6, Ray Tracing - VCNRTXA4500-PB;9959.99;https://images.kabum.com.br/produtos/fotos/304859/placa-de-video-pny-nvidia-geforce-rtx-a4500-20gb-gddr6-ray-tracing-vcnrtxa4500-pb_1643038026_m.jpg;Placa de Vídeo Quadro RTX A4500 PNY NVIDIA, 20GB GDDR6, Ray Tracing - VCNRTXA4500-PB;/produto/304859/placa-de-video-quadro-rtx-a4500-pny-nvidia-20gb-gddr6-ray-tracing-vcnrtxa4500-pb
Placa de Vídeo RTX 3050 Ventus 2X 8G OC MSI NVIDIA Geforce, 8GB GDDR6, DLSS, Ray Tracing - Geforce RTX 3050 Ventus 2X 8G OC;2219.99;https://images.kabum.com.br/produtos/fotos/308480/placa-de-video-msi-nvidia-geforce-rtx-3050-ventus-2x-8g-oc-8gb-gddr6-dlss-ray-tracing-geforce-rtx-3050-ventus-2x-8g-oc_1644002598_m.jpg;Placa de Vídeo RTX 3050 Ventus 2X 8G OC MSI NVIDIA Geforce, 8GB GDDR6, DLSS, Ray Tracing - Geforce RTX 3050 Ventus 2X 8G OC;/produto/308480/placa-de-video-rtx-3050-ventus-2x-8g-oc-msi-nvidia-geforce-8gb-gddr6-dlss-ray-tracing-geforce-rtx-3050-ventus-2x-8g-oc
Placa de Vídeo RX 6400 XFX Speedster SWFT105 AMD Radeon Gaming, 4GB GDDR6, Ray Tracing, RDNA2 - RX-64XL4SFG2;1119.99;https://images.kabum.com.br/produtos/fotos/353517/placa-de-video-xfx-speedster-swft105-amd-radeon-rx-6400-gaming-4gb-gddr6-ray-tracing-rdna2-rx-64xl4sfg2_1658759538_m.jpg;Placa de Vídeo RX 6400 XFX Speedster SWFT105 AMD Radeon Gaming, 4GB GDDR6, Ray Tracing, RDNA2 - RX-64XL4SFG2;/produto/353517/placa-de-video-rx-6400-xfx-speedster-swft105-amd-radeon-gaming-4gb-gddr6-ray-tracing-rdna2-rx-64xl4sfg2
Placa de Vídeo RX 6650 XT XFX Speedster QICK308 AMD Radeon Ultra Gaming, 8GB GDDR6, Ray Tracing, RDNA2 - RX-665X8LUDY QICK308 ULTRA;2399.99;https://images.kabum.com.br/produtos/fotos/353519/placa-de-video-xfx-speedster-qick308-amd-radeon-rx-6650xt-ultra-gaming-8gb-gddr6-ray-tracing-rdna2-rx-665x8ludy-qick308-ultra_1658761689_m.jpg;Placa de Vídeo RX 6650 XT XFX Speedster QICK308 AMD Radeon Ultra Gaming, 8GB GDDR6, Ray Tracing, RDNA2 - RX-665X8LUDY QICK308 ULTRA;/produto/353519/placa-de-video-rx-6650-xt-xfx-speedster-qick308-amd-radeon-ultra-gaming-8gb-gddr6-ray-tracing-rdna2-rx-665x8ludy-qick308-ultra
Placa de Vídeo RTX 3080 Ti XC3 ULTRA GAMING EVGA GeForce, 12GB GDDR6X, ARGB LED, Metal Backplate, DLSS, Ray Tracing - 12G-P5-3955-KR;8299.99;https://images.kabum.com.br/produtos/fotos/163873/evga-geforce-rtx-3080-ti-xc3-ultra-gaming-12gb-gddr6x-argb-led-metal-backplate-dlss-ray-tracing-12g-p5-3955-kr_1627309309_m.jpg;Placa de Vídeo RTX 3080 Ti XC3 ULTRA GAMING EVGA GeForce, 12GB GDDR6X, ARGB LED, Metal Backplate, DLSS, Ray Tracing - 12G-P5-3955-KR;/produto/163873/placa-de-video-rtx-3080-ti-xc3-ultra-gaming-evga-geforce-12gb-gddr6x-argb-led-metal-backplate-dlss-ray-tracing-12g-p5-3955-kr
Placa de Vídeo RTX 4080 TUF Asus NVIDIA Gaming, 16 GB GDDR6X, ARGB, DLSS, Ray Tracing - TUF-RTX4080-16G-GAMING;9099.99;https://images.kabum.com.br/produtos/fotos/399230/placa-de-video-asus-tuf-gaming-rtx-4080-16-gb-90yv0ib1-m0na00_1669127151_m.jpg;Placa de Vídeo RTX 4080 TUF Asus NVIDIA Gaming, 16 GB GDDR6X, ARGB, DLSS, Ray Tracing - TUF-RTX4080-16G-GAMING;/produto/399230/placa-de-video-rtx-4080-tuf-asus-nvidia-gaming-16-gb-gddr6x-argb-dlss-ray-tracing-tuf-rtx4080-16g-gaming
Placa de Vídeo RX 7900 XTX OC Edition TUF Gaming Asus AMD, 24 GB GDDR6, ARGB - TUF-RX7900XTX-O24G-GAMING;8117.99;https://images.kabum.com.br/produtos/fotos/419117/placa-de-video-rx-7900-xtx-oc-edition-tuf-gaming-asus-amd-24-gb-gddr6-argb-tuf-rx7900xtx-o24g-gaming_1677506793_m.jpg;Placa de Vídeo RX 7900 XTX OC Edition TUF Gaming Asus AMD, 24 GB GDDR6, ARGB - TUF-RX7900XTX-O24G-GAMING;/produto/419117/placa-de-video-rx-7900-xtx-oc-edition-tuf-gaming-asus-amd-24-gb-gddr6-argb-tuf-rx7900xtx-o24g-gaming
Placa de Vídeo Radeon R5 220 PCYES AMD, 1GB GDDR3, 64 Bits Low Profile - PVR52202GBR364;199.99;https://images.kabum.com.br/produtos/fotos/453549/placa-de-video-radeon-r5-220-pcyes-amd-1gb-gddr3-64-bits-low-profile-pvr52202gbr364_1683199329_m.jpg;Placa de Vídeo Radeon R5 220 PCYES AMD, 1GB GDDR3, 64 Bits Low Profile - PVR52202GBR364;/produto/453549/placa-de-video-radeon-r5-220-pcyes-amd-1gb-gddr3-64-bits-low-profile-pvr52202gbr364
Placa de Vídeo Afox NVIDIA GeForce GT610, 2GB DDR3, 64 Bits, Low Profile, HDMI/DVI/VGA - AF610-2048D3L7-V6;219.19;https://images.kabum.com.br/produtos/fotos/sync_mirakl/400570/Placa-de-V-deo-Afox-NVIDIA-GeForce-GT610-2GB-DDR3-64-Bits-Low-Profile-HDMI-DVI-VGA-AF610-2048D3L7-V6_1674571130_m.jpg;Placa de Vídeo Afox NVIDIA GeForce GT610, 2GB DDR3, 64 Bits, Low Profile, HDMI/DVI/VGA - AF610-2048D3L7-V6;/produto/400570/placa-de-video-afox-nvidia-geforce-gt610-2gb-ddr3-64-bits-low-profile-hdmi-dvi-vga-af610-2048d3l7-v6
Placa De Vídeo Storm-z, Gt730, 4GB, 128 Bits, Ddr3;369.71;https://images.kabum.com.br/produtos/fotos/sync_mirakl/420701/Placa-De-V-deo-Storm-z-Gt730-4GB-128-Bits-Ddr3_1683811726_m.jpg;Placa De Vídeo Storm-z, Gt730, 4GB, 128 Bits, Ddr3;/produto/420701/placa-de-video-storm-z-gt730-4gb-128-bits-ddr3
Placa de Vídeo PCYes NVIDIA GeForce GT 610, 2GB DDR3, 64 Bits, HDMI, VGA, DVI - PAKGT6102GBDR3SF;235.71;https://images.kabum.com.br/produtos/fotos/sync_mirakl/389696/Placa-de-V-deo-PCYes-NVIDIA-GeForce-GT-610-2GB-DDR3-64-Bits-HDMI-VGA-DVI-PAKGT6102GBDR3SF_1682582319_m.jpg;Placa de Vídeo PCYes NVIDIA GeForce GT 610, 2GB DDR3, 64 Bits, HDMI, VGA, DVI - PAKGT6102GBDR3SF;/produto/389696/placa-de-video-pcyes-nvidia-geforce-gt-610-2gb-ddr3-64-bits-hdmi-vga-dvi-pakgt6102gbdr3sf
Placa de Vídeo Asus NVIDIA GeForce RTX 3070 O8G V2 OC, 8GB GDDR6, LHR, Dual, DLSS, Ray Tracing - 90YV0FQC-M0NA00;3623.91;https://images.kabum.com.br/produtos/fotos/sync_mirakl/199349/Placa-de-V-deo-Asus-NVIDIA-GeForce-RTX-3070-O8G-V2-OC-8GB-GDDR6-LHR-Dual-DLSS-Ray-Tracing-90YV0FQC-M0NA00_1674571140_m.jpg;Placa de Vídeo Asus NVIDIA GeForce RTX 3070 O8G V2 OC, 8GB GDDR6, LHR, Dual, DLSS, Ray Tracing - 90YV0FQC-M0NA00;/produto/199349/placa-de-video-asus-nvidia-geforce-rtx-3070-o8g-v2-oc-8gb-gddr6-lhr-dual-dlss-ray-tracing-90yv0fqc-m0na00
Placa de Vídeo RTX 3080 Trinity Zotac Gaming NVIDIA GeForce, 12GB GDDR6X, LHR, RGB, DLSS, Ray Tracing - ZT-A30820D-10PLHR;11128.99;https://images.kabum.com.br/produtos/fotos/303472/placa-de-video-zotac-gaming-nvidia-geforce-rtx-3080-trinity-12gb-gddr6x-lhr-rgb-dlss-ray-tracing-zt-a30820d-10plhr_1642766075_m.jpg;Placa de Vídeo RTX 3080 Trinity Zotac Gaming NVIDIA GeForce, 12GB GDDR6X, LHR, RGB, DLSS, Ray Tracing - ZT-A30820D-10PLHR;/produto/303472/placa-de-video-rtx-3080-trinity-zotac-gaming-nvidia-geforce-12gb-gddr6x-lhr-rgb-dlss-ray-tracing-zt-a30820d-10plhr
Placa de Vídeo RX 6750 XT Dual O12G Asus, 12GB GDDR6 - DUAL-RX6750XT-O12G;4419.99;https://images.kabum.com.br/produtos/fotos/326768/placa-de-video-asus-dual-rx6750-xt-o12g-90yv0hk0-m0na00_1652379202_m.jpg;Placa de Vídeo RX 6750 XT Dual O12G Asus, 12GB GDDR6 - DUAL-RX6750XT-O12G;/produto/326768/placa-de-video-rx-6750-xt-dual-o12g-asus-12gb-gddr6-dual-rx6750xt-o12g
Placa de Vídeo Quadro RTX A4000 PNY NVIDIA, 16GB, GDDR6 Com ECC, Ray Tracing - VCNRTXA4000-PB;8199.99;https://images.kabum.com.br/produtos/fotos/377554/placa-de-video-pny-nvidia-rtx-a4000-16gb-gddr6-com-ecc-ray-tracing-vcnrtxa4000-pb_1663180902_m.jpg;Placa de Vídeo Quadro RTX A4000 PNY NVIDIA, 16GB, GDDR6 Com ECC, Ray Tracing - VCNRTXA4000-PB;/produto/377554/placa-de-video-quadro-rtx-a4000-pny-nvidia-16gb-gddr6-com-ecc-ray-tracing-vcnrtxa4000-pb
Placa de Vídeo PNY GeForce RTX 4090 XLR8 Gaming Verto Epic-x RGB, 24 GB GDDR6X, DLSS, Ray Tracing - VCG409024TFXXPB1-O;11999.99;https://images.kabum.com.br/produtos/fotos/397573/placa-de-video-pny-geforce-rtx-4090-xlr8-gaming-verto-epic-x-rgb-24-gb-gddr6x-dlss-ray-tracing-vcg409024tfxxpb1-o_1667337142_m.jpg;Placa de Vídeo PNY GeForce RTX 4090 XLR8 Gaming Verto Epic-x RGB, 24 GB GDDR6X, DLSS, Ray Tracing - VCG409024TFXXPB1-O;/produto/397573/placa-de-video-pny-geforce-rtx-4090-xlr8-gaming-verto-epic-x-rgb-24-gb-gddr6x-dlss-ray-tracing-vcg409024tfxxpb1-o
Placa de Video RTX 4090 AMP Extreme AIRO White Edition Zotac Gaming NVIDIA GeForce, 24 GB GDDR6X, ARGB, DLSS, Ray Tracing, Branco - ZT-D40900K-10P;12499.99;https://images.kabum.com.br/produtos/fotos/420872/placa-de-video-rtx-4090-amp-extreme-airo-white-edition-zotac-gaming-nvidia-geforce-24-gb-gddr6x-argb-dlss-ray-tracing-branco-zt-d4090_1675864731_m.jpg;Placa de Video RTX 4090 AMP Extreme AIRO White Edition Zotac Gaming NVIDIA GeForce, 24 GB GDDR6X, ARGB, DLSS, Ray Tracing, Branco - ZT-D40900K-10P;/produto/420872/placa-de-video-rtx-4090-amp-extreme-airo-white-edition-zotac-gaming-nvidia-geforce-24-gb-gddr6x-argb-dlss-ray-tracing-branco-zt-d40900k-10p
Placa de Vídeo RX 7900 XTX Red Devil PowerColor AMD Radeon, 24 GB GDDR6, ARGB, Ray Tracing - RX7900XTX 24G-E/OC;8559.99;https://images.kabum.com.br/produtos/fotos/420097/placa-de-video-rx-7900-xtx-red-devil-powercolor-amd-radeon-24-gb-gddr6-argb-ray-tracing-rx7900xtx-24g-e-oc_1679582087_m.jpg;Placa de Vídeo RX 7900 XTX Red Devil PowerColor AMD Radeon, 24 GB GDDR6, ARGB, Ray Tracing - RX7900XTX 24G-E/OC;/produto/420097/placa-de-video-rx-7900-xtx-red-devil-powercolor-amd-radeon-24-gb-gddr6-argb-ray-tracing-rx7900xtx-24g-e-oc
Placa de Vídeo RTX 3050 XC Gaming EVGA NVIDIA GeForce, 8GB GDDR6, LHR, DLSS, Ray Tracing - 08G-P5-3553-KR;2479.99;https://images.kabum.com.br/produtos/fotos/306130/placa-de-video-evga-nvidia-geforce-rtx-3050-xc-gaming-8gb-gddr6-lhr-dlss-ray-tracing-08g-p5-3553-kr_1643288740_m.jpg;Placa de Vídeo RTX 3050 XC Gaming EVGA NVIDIA GeForce, 8GB GDDR6, LHR, DLSS, Ray Tracing - 08G-P5-3553-KR;/produto/306130/placa-de-video-rtx-3050-xc-gaming-evga-nvidia-geforce-8gb-gddr6-lhr-dlss-ray-tracing-08g-p5-3553-kr
Placa de Vídeo RX 6750 XT Gaming OC Sapphire Pulse, 12GB GDDR6, Arquitetura RDNA2, Ray Tracing - 11318-03-20G;3399.99;https://images.kabum.com.br/produtos/fotos/351579/placa-de-video-sapphire-pulse-rx-6750xt-gaming-oc-12gb-gddr6-arquitetura-rdna2-ray-tracing-11318-03-20g_1657207633_m.jpg;Placa de Vídeo RX 6750 XT Gaming OC Sapphire Pulse, 12GB GDDR6, Arquitetura RDNA2, Ray Tracing - 11318-03-20G;/produto/351579/placa-de-video-rx-6750-xt-gaming-oc-sapphire-pulse-12gb-gddr6-arquitetura-rdna2-ray-tracing-11318-03-20g
Placa de Vídeo RX 550 Duex AMD Radeon, 4GB, DDR5 - DXRX5504GB;799.99;https://images.kabum.com.br/produtos/fotos/255155/placa-de-video-duex-amd-radeon-rx-550-4gb-preto-dxrx5504gb_1637325900_m.jpg;Placa de Vídeo RX 550 Duex AMD Radeon, 4GB, DDR5 - DXRX5504GB;/produto/255155/placa-de-video-rx-550-duex-amd-radeon-4gb-ddr5-dxrx5504gb
Placa de Video PNY NVIDIA Geforce RTX 4090 XLR8 Gaming Verto Edition, 24 GB GDDR6X, RGB, DLSS, Ray Tracing - VCG409024TFXXPB1;11249.99;https://images.kabum.com.br/produtos/fotos/388795/placa-de-video-pny-nvidia-geforce-rtx4090-xlr8-gaming-verto-edition-24-gb-gddr6x-rgb-dlss-ray-tracing-vcg409024tfxxpb1_1665167474_m.jpg;Placa de Video PNY NVIDIA Geforce RTX 4090 XLR8 Gaming Verto Edition, 24 GB GDDR6X, RGB, DLSS, Ray Tracing - VCG409024TFXXPB1;/produto/388795/placa-de-video-pny-nvidia-geforce-rtx-4090-xlr8-gaming-verto-edition-24-gb-gddr6x-rgb-dlss-ray-tracing-vcg409024tfxxpb1
Placa de Vídeo PNY NVIDIA GeForce RTX 3080 Ti Gaming Uprising Epic-x, 12 GB GDDR6X, RGB, DLSS - VCG3080T12TFXMPB1-TF;6519.99;https://images.kabum.com.br/produtos/fotos/398442/placa-de-video-pny-nvidia-geforce-rtx-3080-ti-gaming-uprising-epic-x-12-gb-gddr6x-rgb-dlss-vcg3080t12tfxmpb1-tf_1671566241_m.jpg;Placa de Vídeo PNY NVIDIA GeForce RTX 3080 Ti Gaming Uprising Epic-x, 12 GB GDDR6X, RGB, DLSS - VCG3080T12TFXMPB1-TF;/produto/398442/placa-de-video-pny-nvidia-geforce-rtx-3080-ti-gaming-uprising-epic-x-12-gb-gddr6x-rgb-dlss-vcg3080t12tfxmpb1-tf
Placa De Vídeo Storm-z Gt210 1GB 64bits Ddr3;179.5;https://images.kabum.com.br/produtos/fotos/sync_mirakl/420700/Placa-De-V-deo-Storm-z-Gt210-1gb-64bits-Ddr3_1683811726_m.jpg;Placa De Vídeo Storm-z Gt210 1GB 64bits Ddr3;/produto/420700/placa-de-video-storm-z-gt210-1gb-64bits-ddr3
Placa De Vídeo Pcyes Radeon R5 220, 2GB, GDDR3, 64 Bits, Low Profile - Pvr52202GBr364;211.11;https://images.kabum.com.br/produtos/fotos/sync_mirakl/422627/Placa-De-V-deo-Pcyes-Radeon-R5-220-2GB-GDDR3-64-Bits-Low-Profile-Pvr52202GBr364_1684498134_m.jpg;Placa De Vídeo Pcyes Radeon R5 220, 2GB, GDDR3, 64 Bits, Low Profile - Pvr52202GBr364;/produto/422627/placa-de-video-pcyes-radeon-r5-220-2gb-gddr3-64-bits-low-profile-pvr52202gbr364
Placa de Vídeo Galax NVIDIA GeForce RTX 3060 TI, 8GB GDDR6, LHR, 1-Click OC, 256 Bits - 36ISL6MD1VQ;2649.99;https://images.kabum.com.br/produtos/fotos/sync_mirakl/222704/Placa-de-V-deo-Galax-NVIDIA-GeForce-RTX-3060-TI-8GB-GDDR6-LHR-1-Click-OC-256-Bits-36ISL6MD1VQ_1684327728_m.jpg;Placa de Vídeo Galax NVIDIA GeForce RTX 3060 TI, 8GB GDDR6, LHR, 1-Click OC, 256 Bits - 36ISL6MD1VQ;/produto/222704/placa-de-video-galax-nvidia-geforce-rtx-3060-ti-8gb-gddr6-lhr-1-click-oc-256-bits-36isl6md1vq
Placa de Vídeo Galax NVIDIA GeForce GTX 1660TI OC, 6GB GDDR, 1-Click - 60IRL7DSY91C;1837.24;https://images.kabum.com.br/produtos/fotos/sync_mirakl/239246/Placa-de-V-deo-Galax-NVIDIA-GeForce-GTX-1660TI-OC-6GB-GDDR-1-Click-60IRL7DSY91C_1674571102_m.jpg;Placa de Vídeo Galax NVIDIA GeForce GTX 1660TI OC, 6GB GDDR, 1-Click - 60IRL7DSY91C;/produto/239246/placa-de-video-galax-nvidia-geforce-gtx-1660ti-oc-6gb-gddr-1-click-60irl7dsy91c
Placa de Vídeo Gainward NVIDIA GeForce RTX 3060 Ghost OC, 12GB GDDR6, 192 Bits - NE63060T19K9-190AU;2804.15;https://images.kabum.com.br/produtos/fotos/sync_mirakl/167781/Placa-de-V-deo-Gainward-NVIDIA-GeForce-RTX-3060-Ghost-OC-12GB-GDDR6-192-Bits-NE63060T19K9-190AU_1684785508_m.jpg;Placa de Vídeo Gainward NVIDIA GeForce RTX 3060 Ghost OC, 12GB GDDR6, 192 Bits - NE63060T19K9-190AU;/produto/167781/placa-de-video-gainward-nvidia-geforce-rtx-3060-ghost-oc-12gb-gddr6-192-bits-ne63060t19k9-190au
Placa de Vídeo PCYes AMD Radeon R5 230, 2GB DDR3, 64 Bits - PA230DR364LP;251.01;https://images.kabum.com.br/produtos/fotos/sync_mirakl/380080/Placa-de-V-deo-PCYes-AMD-Radeon-R5-230-2GB-DDR3-64-Bits-PA230DR364LP_1675794541_m.jpg;Placa de Vídeo PCYes AMD Radeon R5 230, 2GB DDR3, 64 Bits - PA230DR364LP;/produto/380080/placa-de-video-pcyes-amd-radeon-r5-230-2gb-ddr3-64-bits-pa230dr364lp
Placa de Vídeo RTX 4080 Extreme Air ZOTAC NVIDIA GeForce, 16 GB GDDR6X, DLSS, Ray Tracing - ZT-D40810B-10P;7899.99;https://images.kabum.com.br/produtos/fotos/397584/placa-de-video-rtx-4080-extreme-airo-zotac-nvidia-geforce-16-gb-gddr6x-dlss-ray-tracing-zt-d40810b-10p_1668091479_m.jpg;Placa de Vídeo RTX 4080 Extreme Air ZOTAC NVIDIA GeForce, 16 GB GDDR6X, DLSS, Ray Tracing - ZT-D40810B-10P;/produto/397584/placa-de-video-rtx-4080-extreme-air-zotac-nvidia-geforce-16-gb-gddr6x-dlss-ray-tracing-zt-d40810b-10p
Placa de Video RTX 4070 Twin Edge OC Zotac NVIDIA GeForce, 12 GB GDDR6X, DLSS,  Ray Tracing - ZT-D40700H-10M;4989.99;https://images.kabum.com.br/produtos/fotos/450398/placa-de-video-rtx-4070-twin-edge-oc-zotac-nvidia-geforce-12-gb-gddr6x-dlss-ray-tracing-zt-d40700h-10p_1681160504_m.jpg;Placa de Video RTX 4070 Twin Edge OC Zotac NVIDIA GeForce, 12 GB GDDR6X, DLSS,  Ray Tracing - ZT-D40700H-10M;/produto/450398/placa-de-video-rtx-4070-twin-edge-oc-zotac-nvidia-geforce-12-gb-gddr6x-dlss-ray-tracing-zt-d40700h-10m
Placa de Vídeo Colorful, NVIDIA GeForce GT 710, 2GB, GDDR3, 64 Bits;226.64;https://images.kabum.com.br/produtos/fotos/sync_mirakl/154488/Placa-de-V-deo-Colorful-NVIDIA-GeForce-GT-710-2GB-GDDR3-64-Bits_1678979907_m.jpg;Placa de Vídeo Colorful, NVIDIA GeForce GT 710, 2GB, GDDR3, 64 Bits;/produto/154488/placa-de-video-colorful-nvidia-geforce-gt-710-2gb-gddr3-64-bits
Placa de Vídeo RTX 4070 Ti XLR8 Gaming Verto TF OC PNY NVIDIA GeForce, 12GB GDDR6X, DLSS 3, Ray Tracing - VCG4070T12TFXXPB1-O;6799.99;https://images.kabum.com.br/produtos/fotos/403269/placa-de-video-pny-rtx-4070ti-12gb-oc-vcg4070t12tfxxpb1-o_1672846639_m.jpg;Placa de Vídeo RTX 4070 Ti XLR8 Gaming Verto TF OC PNY NVIDIA GeForce, 12GB GDDR6X, DLSS 3, Ray Tracing - VCG4070T12TFXXPB1-O;/produto/403269/placa-de-video-rtx-4070-ti-xlr8-gaming-verto-tf-oc-pny-nvidia-geforce-12gb-gddr6x-dlss-3-ray-tracing-vcg4070t12tfxxpb1-o
Placa de Vídeo RX 7900 XT Hellhound PowerColor AMD Radeon, 20 GB GDDR6, LED, Ray Tracing - RX7900XT 20G-L/OC;6469.99;https://images.kabum.com.br/produtos/fotos/420100/placa-de-video-rx-7900-xt-hellhound-powercolor-amd-radeon-20-gb-gddr6-led-ray-tracing-rx7900xt-20g-l-oc_1679595342_m.jpg;Placa de Vídeo RX 7900 XT Hellhound PowerColor AMD Radeon, 20 GB GDDR6, LED, Ray Tracing - RX7900XT 20G-L/OC;/produto/420100/placa-de-video-rx-7900-xt-hellhound-powercolor-amd-radeon-20-gb-gddr6-led-ray-tracing-rx7900xt-20g-l-oc
Placa de Vídeo RTX 4080 Ventus 3X OC MSI NVIDIA GeForce, 16 GB GDDR6X, DLSS, Ray Tracing - GeForce RTX 4080 16GB VENTUS 3X OC;8999.99;https://images.kabum.com.br/produtos/fotos/397583/placa-de-video-rtx-4080-ventus-3x-oc-msi-nvidia-geforce-16-gb-gddr6x-dlss-ray-tracing-geforce-rtx-4080-16gb-ventus-3x-oc_1668089968_m.jpg;Placa de Vídeo RTX 4080 Ventus 3X OC MSI NVIDIA GeForce, 16 GB GDDR6X, DLSS, Ray Tracing - GeForce RTX 4080 16GB VENTUS 3X OC;/produto/397583/placa-de-video-rtx-4080-ventus-3x-oc-msi-nvidia-geforce-16-gb-gddr6x-dlss-ray-tracing-geforce-rtx-4080-16gb-ventus-3x-oc
Placa de Vídeo PNY NVIDIA GeForce Quadro T400, 4GB GDDR6, 64 Bits - VCNT4004GB-PB;1298.07;https://images.kabum.com.br/produtos/fotos/sync_mirakl/400568/Placa-de-V-deo-PNY-NVIDIA-GeForce-Quadro-T400-4GB-GDDR6-64-Bits-VCNT4004GB-PB_1674571116_m.jpg;Placa de Vídeo PNY NVIDIA GeForce Quadro T400, 4GB GDDR6, 64 Bits - VCNT4004GB-PB;/produto/400568/placa-de-video-pny-nvidia-geforce-quadro-t400-4gb-gddr6-64-bits-vcnt4004gb-pb
Placa de Vídeo Colorful, NVIDIA GeForce GT 1030, 4GB GDDR4, 64 Bits;621.27;https://images.kabum.com.br/produtos/fotos/sync_mirakl/355228/Placa-de-V-deo-Colorful-NVIDIA-GeForce-GT-1030-4GB-GDDR4-64-Bits_1678981119_m.jpg;Placa de Vídeo Colorful, NVIDIA GeForce GT 1030, 4GB GDDR4, 64 Bits;/produto/355228/placa-de-video-colorful-nvidia-geforce-gt-1030-4gb-gddr4-64-bits
Placa de Vídeo PCYes AMD Radeon RX 550, 4GB GDDR5, Grafiti Series - PAJRX550DR5DF;669.0;https://images.kabum.com.br/produtos/fotos/sync_mirakl/302813/Placa-de-V-deo-PCYes-AMD-Radeon-RX-550-4GB-GDDR5-Grafiti-Series-PAJRX550DR5DF_1681397326_m.jpg;Placa de Vídeo PCYes AMD Radeon RX 550, 4GB GDDR5, Grafiti Series - PAJRX550DR5DF;/produto/302813/placa-de-video-pcyes-amd-radeon-rx-550-4gb-gddr5-grafiti-series-pajrx550dr5df
Placa de Vídeo Galax NVIDIA GeForce GT 210, 1GB DDR3, 64 Bits - 21GGF4HI00NP;183.65;https://images.kabum.com.br/produtos/fotos/sync_mirakl/191932/Placa-de-V-deo-Galax-NVIDIA-GeForce-GT-210-1GB-DDR3-64-Bits-21GGF4HI00NP_1683913735_m.jpg;Placa de Vídeo Galax NVIDIA GeForce GT 210, 1GB DDR3, 64 Bits - 21GGF4HI00NP;/produto/191932/placa-de-video-galax-nvidia-geforce-gt-210-1gb-ddr3-64-bits-21ggf4hi00np
Placa de Vídeo Galax NVIDIA GeForce RTX 2060 Super EX, 8GB GDDR6, 256 Bits, 1-Click OC - 26ISL6HP68LD;2969.4;https://images.kabum.com.br/produtos/fotos/sync_mirakl/219963/Placa-de-V-deo-Galax-NVIDIA-GeForce-RTX-2060-Super-EX-8GB-GDDR6-256-Bits-1-Click-OC-26ISL6HP68LD_1674571102_m.jpg;Placa de Vídeo Galax NVIDIA GeForce RTX 2060 Super EX, 8GB GDDR6, 256 Bits, 1-Click OC - 26ISL6HP68LD;/produto/219963/placa-de-video-galax-nvidia-geforce-rtx-2060-super-ex-8gb-gddr6-256-bits-1-click-oc-26isl6hp68ld
Placa de Vídeo Galax NVIDIA GeForce RTX 3060 TI SG OC Plus, 8GB GDDR6X, LHR, 1-Click, 256 Bits - 36ISM6MD4BPL;2899.0;https://images.kabum.com.br/produtos/fotos/sync_mirakl/400288/Placa-de-V-deo-Galax-NVIDIA-GeForce-RTX-3060-TI-SG-OC-Plus-8GB-GDDR6X-LHR-1-Click-256-Bits-36ISM6MD4BPL_1680791318_m.jpg;Placa de Vídeo Galax NVIDIA GeForce RTX 3060 TI SG OC Plus, 8GB GDDR6X, LHR, 1-Click, 256 Bits - 36ISM6MD4BPL;/produto/400288/placa-de-video-galax-nvidia-geforce-rtx-3060-ti-sg-oc-plus-8gb-gddr6x-lhr-1-click-256-bits-36ism6md4bpl
Placa de Vídeo PCYES, AMD RX550, 4GB RAM, Open GL 4.6, DP+HDMI+DVI, Windows e Linux;714.78;https://images.kabum.com.br/produtos/fotos/sync_mirakl/404202/Placa-de-V-deo-PCYES-AMD-RX550-4GB-RAM-Open-GL-4-6-DP-HDMI-DVI-Windows-e-Linux_1682623130_m.jpg;Placa de Vídeo PCYES, AMD RX550, 4GB RAM, Open GL 4.6, DP+HDMI+DVI, Windows e Linux;/produto/404202/placa-de-video-pcyes-amd-rx550-4gb-ram-open-gl-4-6-dp-hdmi-dvi-windows-e-linux
Placa de Vídeo Colorful NVIDIA GeForce GT 1030, 2GB GDDR4, V6-V, 64 Bits;656.82;https://images.kabum.com.br/produtos/fotos/sync_mirakl/391178/Placa-de-V-deo-Colorful-NVIDIA-GeForce-GT-1030-2GB-GDDR4-V6-V-64-Bits_1674571146_m.jpg;Placa de Vídeo Colorful NVIDIA GeForce GT 1030, 2GB GDDR4, V6-V, 64 Bits;/produto/391178/placa-de-video-colorful-nvidia-geforce-gt-1030-2gb-gddr4-v6-v-64-bits
Placa De Video Galax Geforce Rtx 3060ti GDDR6x 1-click Oc Plus 8GB 256bit - 36ism6md2kcv;2869.9;https://images.kabum.com.br/produtos/fotos/sync_mirakl/419318/Placa-De-Video-Galax-Geforce-Rtx-3060ti-GDDR6x-1-click-Oc-Plus-8GB-256bit-36ism6md2kcv_1681755497_m.jpg;Placa De Video Galax Geforce Rtx 3060ti GDDR6x 1-click Oc Plus 8GB 256bit - 36ism6md2kcv;/produto/419318/placa-de-video-galax-geforce-rtx-3060ti-gddr6x-1-click-oc-plus-8gb-256bit-36ism6md2kcv
Placa de Vídeo Asus NVIDIA GeForce GTX 1650 Dual, 4GB DDR5, 128 Bits - DUAL-GTX1650-4G;1278.9;https://images.kabum.com.br/produtos/fotos/sync_mirakl/328130/Placa-de-V-deo-Asus-NVIDIA-GeForce-GTX-1650-Dual-4GB-DDR5-128-Bits-DUAL-GTX1650-4G_1675177144_m.jpg;Placa de Vídeo Asus NVIDIA GeForce GTX 1650 Dual, 4GB DDR5, 128 Bits - DUAL-GTX1650-4G;/produto/328130/placa-de-video-asus-nvidia-geforce-gtx-1650-dual-4gb-ddr5-128-bits-dual-gtx1650-4g
Placa de Vídeo NVIDIA Quadro K4200, 4GB DDR5, 256 Bits, DVI e DisplayPort - VCQK4200;1443.17;https://images.kabum.com.br/produtos/fotos/sync_mirakl/352514/Placa-de-V-deo-NVIDIA-Quadro-K4200-4GB-DDR5-256-Bits-DVI-e-DisplayPort-VCQK4200_1677170961_m.jpg;Placa de Vídeo NVIDIA Quadro K4200, 4GB DDR5, 256 Bits, DVI e DisplayPort - VCQK4200;/produto/352514/placa-de-video-nvidia-quadro-k4200-4gb-ddr5-256-bits-dvi-e-displayport-vcqk4200
Placa de Vídeo Afox NVIDIA GeForce GT210, 1GB DDR3 - AF210-1024D3L5-V2;179.1;https://images.kabum.com.br/produtos/fotos/sync_mirakl/147389/Placa-de-V-deo-Afox-NVIDIA-GeForce-GT210-1GB-DDR3-AF210-1024D3L5-V2_1683547156_m.jpg;Placa de Vídeo Afox NVIDIA GeForce GT210, 1GB DDR3 - AF210-1024D3L5-V2;/produto/147389/placa-de-video-afox-nvidia-geforce-gt210-1gb-ddr3-af210-1024d3l5-v2
Placa de Vídeo GT740 Pcyes NVIDIA Geforce, 4 GB GDDR5, 128 Bits - PAX740D54GB;649.99;https://images.kabum.com.br/produtos/fotos/405814/placa-de-video-gt740-pcyes-nvidia-geforce-4-gb-gddr5-128-bits-pax740d54gb_1672753597_m.jpg;Placa de Vídeo GT740 Pcyes NVIDIA Geforce, 4 GB GDDR5, 128 Bits - PAX740D54GB;/produto/405814/placa-de-video-gt740-pcyes-nvidia-geforce-4-gb-gddr5-128-bits-pax740d54gb
Placa de Vídeo RX 7900 XTX Hellhound PowerColor AMD Radeon, 24 GB GDDR6, LED, Ray Tracing - RX7900XTX 24G-L/OC;7379.99;https://images.kabum.com.br/produtos/fotos/420098/placa-de-video-rx-7900-xtx-hellhound-powercolor-amd-radeon-24-gb-gddr6-led-ray-tracing-rx7900xtx-24g-l-oc_1679583236_m.jpg;Placa de Vídeo RX 7900 XTX Hellhound PowerColor AMD Radeon, 24 GB GDDR6, LED, Ray Tracing - RX7900XTX 24G-L/OC;/produto/420098/placa-de-video-rx-7900-xtx-hellhound-powercolor-amd-radeon-24-gb-gddr6-led-ray-tracing-rx7900xtx-24g-l-oc
Vga Pci Exp, 4gb/128bits Gt730, Gt730lp-4gd3-c DDR3.;596.09;https://images.kabum.com.br/produtos/fotos/sync_mirakl/380385/Vga-Pci-Exp-4gb-128bits-Gt730-Gt730lp-4gd3-c-DDR3-_1661194720_m.jpg;Vga Pci Exp, 4gb/128bits Gt730, Gt730lp-4gd3-c DDR3.;/produto/380385/vga-pci-exp-4gb-128bits-gt730-gt730lp-4gd3-c-ddr3-
Placa de Vídeo RTX 3060 Twin Edge Zotac Gaming GeForce, 12GB GDDR6, 15 Gbps, Ray Tracing - ZT-A30600E-10M;3999.99;https://images.kabum.com.br/produtos/fotos/148656/placa-de-video-zotac-gaming-geforce-rtx-3060-twin-edge-15-gbps-12gb-gddr6-ray-tracing-zt-a30600e-10m_1613994258_m.jpg;Placa de Vídeo RTX 3060 Twin Edge Zotac Gaming GeForce, 12GB GDDR6, 15 Gbps, Ray Tracing - ZT-A30600E-10M;/produto/148656/placa-de-video-rtx-3060-twin-edge-zotac-gaming-geforce-12gb-gddr6-15-gbps-ray-tracing-zt-a30600e-10m
Placa de Vídeo Afox NVIDIA GeForce GT220, 1024 MB DDR3, 128 Bits, Low Profile, HDMI, DVI, VGA - AF220-1024D3L2;187.11;https://images.kabum.com.br/produtos/fotos/sync_mirakl/150967/Placa-de-V-deo-Afox-NVIDIA-GeForce-GT220-1024-MB-DDR3-128-Bits-Low-Profile-HDMI-DVI-VGA-AF220-1024D3L2_1679745532_m.jpg;Placa de Vídeo Afox NVIDIA GeForce GT220, 1024 MB DDR3, 128 Bits, Low Profile, HDMI, DVI, VGA - AF220-1024D3L2;/produto/150967/placa-de-video-afox-nvidia-geforce-gt220-1024-mb-ddr3-128-bits-low-profile-hdmi-dvi-vga-af220-1024d3l2
Placa de Vídeo AMD Radeon RX 550, 2GB GDDR5, 128 Bits - AMD 2GBD5-HLEV2;1255.75;https://images.kabum.com.br/produtos/fotos/sync_mirakl/214076/Placa-de-V-deo-AMD-Radeon-RX-550-2GB-GDDR5-128-Bits-AMD-2GBD5-HLEV2_1674570551_m.jpg;Placa de Vídeo AMD Radeon RX 550, 2GB GDDR5, 128 Bits - AMD 2GBD5-HLEV2;/produto/214076/placa-de-video-amd-radeon-rx-550-2gb-gddr5-128-bits-amd-2gbd5-hlev2
Placa de Vídeo RTX 3060 White OC Edition Asus NVIDIA Dual GeForce,  8 GB GDDR6, DLSS, Ray Tracing - DUAL-RTX3060-O8G-WHITE;2883.99;https://images.kabum.com.br/produtos/fotos/398083/placa-de-video-rtx-3060-white-oc-edition-asus-nvidia-dual-geforce-8-gb-gddr6-dlss-ray-tracing-90yv0gb7-m0na00_1671638237_m.jpg;Placa de Vídeo RTX 3060 White OC Edition Asus NVIDIA Dual GeForce,  8 GB GDDR6, DLSS, Ray Tracing - DUAL-RTX3060-O8G-WHITE;/produto/398083/placa-de-video-rtx-3060-white-oc-edition-asus-nvidia-dual-geforce-8-gb-gddr6-dlss-ray-tracing-dual-rtx3060-o8g-white
Placa de Vídeo GT 1030 Gigabyte NVIDIA GeForce D4, 2GB DDR4 - GV-N1030D4-2GL;584.99;https://images.kabum.com.br/produtos/fotos/97089/97089_1528913836_index_m.jpg;Placa de Vídeo GT 1030 Gigabyte NVIDIA GeForce D4, 2GB DDR4 - GV-N1030D4-2GL;/produto/97089/placa-de-video-gt-1030-gigabyte-nvidia-geforce-d4-2gb-ddr4-gv-n1030d4-2gl
Placa de Vídeo RTX 4070 Ti ST Galax NVIDIA GeForce, 12 GB GDDR6X, DLSS 3, Ray Tracing - 47IOM7MD6TTS;6999.99;https://images.kabum.com.br/produtos/fotos/404447/placa-de-video-rtx-4070-ti-st-pci-e-galax-16-gb-gddr6x-256bit-47iom7md6tts_1672845537_m.jpg;Placa de Vídeo RTX 4070 Ti ST Galax NVIDIA GeForce, 12 GB GDDR6X, DLSS 3, Ray Tracing - 47IOM7MD6TTS;/produto/404447/placa-de-video-rtx-4070-ti-st-galax-nvidia-geforce-12-gb-gddr6x-dlss-3-ray-tracing-47iom7md6tts
Placa de Vídeo Zotac NVIDIA GeForce RTX 3070 Twin Edge, 8GB GDDR6, LHR - ZT-A30700E-10PLHR;4249.99;https://images.kabum.com.br/produtos/fotos/sync_mirakl/217279/Placa-de-V-deo-Zotac-NVIDIA-GeForce-RTX-3070-Twin-Edge-8GB-GDDR6-LHR-ZT-A30700E-10PLHR_1684948744_m.jpg;Placa de Vídeo Zotac NVIDIA GeForce RTX 3070 Twin Edge, 8GB GDDR6, LHR - ZT-A30700E-10PLHR;/produto/217279/placa-de-video-zotac-nvidia-geforce-rtx-3070-twin-edge-8gb-gddr6-lhr-zt-a30700e-10plhr
Placa de Vídeo Radeon R7 240 PCYES AMD Gaming Edition, 4GB GDDR5, 128 Bits Single Fan - PVR2404GBR5128;479.99;https://images.kabum.com.br/produtos/fotos/453550/placa-de-video-radeon-r7-240-pcyes-amd-gaming-edition-4gb-gddr5-128-bits-single-fan-pvr2404gbr5128_1683200929_m.jpg;Placa de Vídeo Radeon R7 240 PCYES AMD Gaming Edition, 4GB GDDR5, 128 Bits Single Fan - PVR2404GBR5128;/produto/453550/placa-de-video-radeon-r7-240-pcyes-amd-gaming-edition-4gb-gddr5-128-bits-single-fan-pvr2404gbr5128
Placa de Vídeo RTX 3060 3X 12G OC MSI NVIDIA GeForce Ventus, 12GB GDDR6, DLSS, Ray Tracing - 3060 VENTUS 3X 12G OC;2732.99;https://images.kabum.com.br/produtos/fotos/275252/placa-de-video-msi-nvidia-geforce-rtx-3060-ventus-3x-12g-oc-dlss-ray-tracing-3060-ventus-3x-12g-oc_1637875255_m.jpg;Placa de Vídeo RTX 3060 3X 12G OC MSI NVIDIA GeForce Ventus, 12GB GDDR6, DLSS, Ray Tracing - 3060 VENTUS 3X 12G OC;/produto/275252/placa-de-video-rtx-3060-3x-12g-oc-msi-nvidia-geforce-ventus-12gb-gddr6-dlss-ray-tracing-3060-ventus-3x-12g-oc
Placa de Vídeo Afox AMD Radeon RX 550, 4GB GDDR5, 128 Bits - AFRX550-4096D5H4-V5;929.9;https://images.kabum.com.br/produtos/fotos/sync_mirakl/191118/Placa-de-V-deo-Afox-AMD-Radeon-RX-550-4GB-GDDR5-128-Bits-AFRX550-4096D5H4-V5_1683547159_m.jpg;Placa de Vídeo Afox AMD Radeon RX 550, 4GB GDDR5, 128 Bits - AFRX550-4096D5H4-V5;/produto/191118/placa-de-video-afox-amd-radeon-rx-550-4gb-gddr5-128-bits-afrx550-4096d5h4-v5
Cabo Extensor Thermaltake TT Gaming Riser, 20cm, Cable PCI-E 3.0, Preto - AC053CN1OTNC1;195.52;https://images.kabum.com.br/produtos/fotos/sync_mirakl/195122/Cabo-Extensor-Thermaltake-TT-Gaming-Riser-20cm-Cable-PCI-E-3-0-Preto-AC053CN1OTNC1_1670994557_m.jpg;Cabo Extensor Thermaltake TT Gaming Riser, 20cm, Cable PCI-E 3.0, Preto - AC053CN1OTNC1;/produto/195122/cabo-extensor-thermaltake-tt-gaming-riser-20cm-cable-pci-e-3-0-preto-ac053cn1otnc1
